Top pages,Clicks,Impressions,CTR,Position
https://www.bionixus.com/pharmaceutical-companies-kuwait,93,6190,1.5%,7.08
https://www.bionixus.com/blog/healthcare-overview-egypt-market-2026,86,25073,0.34%,5.54
https://www.bionixus.com/pharmaceutical-companies-oman,85,5410,1.57%,6.46
https://www.bionixus.com/pharmaceutical-companies-uae,71,5443,1.3%,9.04
https://www.bionixus.com/,65,1282,5.07%,14.44
https://www.bionixus.com/pharmaceutical-companies-saudi-arabia,48,3657,1.31%,8.65
https://www.bionixus.com/pharmaceutical-companies-qatar,38,2884,1.32%,8.51
https://www.bionixus.com/pharmaceutical-companies-egypt,35,2539,1.38%,7.64
https://www.bionixus.com/pharmaceutical-companies-bahrain,29,1286,2.26%,7.44
https://www.bionixus.com/blog/healthcare-overview-kuwait-market-2026,23,1602,1.44%,5.94
https://www.bionixus.com/blog/top-market-research-companies-egypt-2026,16,1864,0.86%,9.12
https://www.bionixus.com/gcc-market-access-guide,14,3058,0.46%,16.45
https://www.bionixus.com/pharmaceutical-companies-iran,13,826,1.57%,6.49
https://www.bionixus.com/healthcare-market-research,11,4045,0.27%,31.61
https://www.bionixus.com/blog/nupco-saudi-arabia-tendering-guide,9,1603,0.56%,5.9
https://www.bionixus.com/blog/pharmaceutical-market-entry-saudi-arabia-2026-guide,7,1433,0.49%,15.29
https://www.bionixus.com/blog/healthcare-overview-qatar-market-2026,7,792,0.88%,9.32
https://www.bionixus.com/pharmaceutical-companies-iraq,7,459,1.53%,7.05
https://www.bionixus.com/ar,7,153,4.58%,6.69
https://www.bionixus.com/gcc-medical-devices-market-report,6,6126,0.1%,53.19
https://www.bionixus.com/blog/gcc-pharmacy-market-2026,6,2171,0.28%,42.99
https://www.bionixus.com/global-websites/united-arab-emirates,6,972,0.62%,29.76
https://www.bionixus.com/iqvia-alternative,6,600,1%,8.23
https://www.bionixus.com/blog/kuwait-healthcare-market-trends-2026,6,537,1.12%,5.29
https://www.bionixus.com/global-websites/egypt,6,130,4.62%,18.62
https://www.bionixus.com/singapore-medical-devices-market-report,5,702,0.71%,18.69
https://www.bionixus.com/bionixus-market-research-middle-east,4,2269,0.18%,34.44
https://www.bionixus.com/blog,4,2122,0.19%,58.45
https://www.bionixus.com/blog/top-healthcare-market-research-companies-uae,4,606,0.66%,20.93
https://www.bionixus.com/fr,4,422,0.95%,45.93
https://www.bionixus.com/services,4,336,1.19%,13.43
https://www.bionixus.com/blog/rare-disease-orphan-drug-saudi-arabia-sfda-2026,4,326,1.23%,7.82
https://www.bionixus.com/turkey-medical-devices-market-report,4,293,1.37%,8.83
https://www.bionixus.com/market-reports/bahrain-dermatology-market-report,4,222,1.8%,6.92
https://www.bionixus.com/services/qualitative-research,4,214,1.87%,19.21
https://www.bionixus.com/market-reports/egypt-digital-health-market-report,4,46,8.7%,7.78
https://www.bionixus.com/quantitative-healthcare-market-research,3,1665,0.18%,30.26
https://www.bionixus.com/blog/top-healthcare-market-research-companies-mena,3,595,0.5%,21
https://www.bionixus.com/contact,3,510,0.59%,8.5
https://www.bionixus.com/blog/sfda-drug-registration-guide,3,478,0.63%,8.58
https://www.bionixus.com/services/quantitative-research,3,473,0.63%,33.96
https://www.bionixus.com/india-medical-devices-market-report,3,323,0.93%,19.46
https://www.bionixus.com/global-websites/singapore,3,277,1.08%,36.61
https://www.bionixus.com/uk-medical-devices-market-report,3,176,1.7%,31.1
https://www.bionixus.com/singapore-healthcare-market-report,3,103,2.91%,13.68
https://www.bionixus.com/blog/hepcludex-bulevirtide-hdv-fda-approval-2026,3,89,3.37%,10.17
https://www.bionixus.com/blog/healthcare-overview-china-market-2026,2,1930,0.1%,6.83
https://www.bionixus.com/healthcare-market-research/saudi-arabia,2,1851,0.11%,45.6
https://www.bionixus.com/healthcare-market-research-agency-gcc,2,1001,0.2%,63.79
https://www.bionixus.com/real-world-evidence,2,652,0.31%,24.62
https://www.bionixus.com/news/bionixus-brazil-office-latam-expansion-2026,2,608,0.33%,6.59
http://www.bionixus.com/,2,605,0.33%,6.11
https://www.bionixus.com/blog/digital-therapeutics-regulation-mena-markets,2,512,0.39%,8.09
https://www.bionixus.com/market-reports/gcc-digital-health-market-report,2,480,0.42%,32.77
https://www.bionixus.com/healthcare-market-research/italy,2,455,0.44%,45.3
https://www.bionixus.com/about,2,453,0.44%,3.87
https://www.bionixus.com/market-research,2,445,0.45%,41.61
https://www.bionixus.com/healthcare-market-research/uk,2,409,0.49%,36.95
https://www.bionixus.com/blog/awiqli-insulin-icodec-weekly-fda-2026,2,395,0.51%,7.57
https://www.bionixus.com/insights/top-market-research-companies-ksa-2026,2,378,0.53%,16.59
https://www.bionixus.com/blog/camizestrant-pdufa-extension-astrazeneca-2026,2,332,0.6%,9.1
https://www.bionixus.com/conf,2,303,0.66%,12.25
https://www.bionixus.com/brazil-healthcare-market-report,2,300,0.67%,16.26
https://www.bionixus.com/market-reports/gcc-biosimilars-market-report,2,280,0.71%,42.67
https://www.bionixus.com/blog/top-healthcare-market-research-firms-saudi-arabia,2,228,0.88%,15.29
https://www.bionixus.com/oman-healthcare-market-report,2,219,0.91%,5.54
https://www.bionixus.com/blog/neurofibromatosis,2,68,2.94%,35.07
https://www.bionixus.com/b2b-industries,2,58,3.45%,9.4
https://www.bionixus.com/market-reports/egypt-rare-diseases-market-report,2,16,12.5%,6.19
https://www.bionixus.com/market-reports/oman-biosimilars-market-report,2,8,25%,3.88
https://www.bionixus.com/services/market-access,1,2541,0.04%,57.29
https://www.bionixus.com/services/kol-stakeholder-mapping,1,1034,0.1%,38.89
https://www.bionixus.com/egypt-healthcare-market-report,1,1005,0.1%,6.76
https://www.bionixus.com/market-research-saudi-arabia-pharmaceutical,1,782,0.13%,55.77
https://www.bionixus.com/south-korea-medical-devices-market-report,1,439,0.23%,16.23
https://www.bionixus.com/market-reports/country/saudi-arabia,1,361,0.28%,66.82
https://www.bionixus.com/qualitative-market-research,1,323,0.31%,26.52
https://www.bionixus.com/blog/obesity-pbm-coverage-lilly-portfolio-q2-2026,1,315,0.32%,7.87
https://www.bionixus.com/blog/decnupaz-pivekimab-bpdcn-fda-approval-2026,1,295,0.34%,7.2
https://www.bionixus.com/blog/icotyde-icotrokinra-psoriasis-fda-2026,1,266,0.38%,7.1
https://www.bionixus.com/blog/uae-healthcare-market-overview-2026,1,250,0.4%,9.9
https://www.bionixus.com/blog/nice-hta-evidence-requirements-guide,1,235,0.43%,8.03
https://www.bionixus.com/blog/middle-east-healthcare-market-statistics-2026,1,191,0.52%,15.04
https://www.bionixus.com/sitemap,1,184,0.54%,14.56
https://www.bionixus.com/mena-pharma-market-data,1,177,0.56%,11.88
https://www.bionixus.com/zh,1,176,0.57%,22.9
https://www.bionixus.com/global-websites/tunisia,1,173,0.58%,16.91
https://www.bionixus.com/china-healthcare-market-report,1,156,0.64%,18.8
https://www.bionixus.com/insights/top-market-research-companies-egypt-2026,1,153,0.65%,13.29
https://www.bionixus.com/blog/gcc-pharmaceuticals-market-2026,1,138,0.72%,23.54
https://www.bionixus.com/market-reports/country/china,1,134,0.75%,44.06
https://www.bionixus.com/australia-medical-devices-market-report,1,133,0.75%,24.33
https://www.bionixus.com/blog/cenrifki-tolebrutinib-nrspms-ema-chmp-2026,1,130,0.77%,7.65
https://careers.bionixus.com/applications/3971c1d6-ff5b-423d-9930-a496a853d166?lang=EN,1,130,0.77%,20.75
https://www.bionixus.com/turkey-healthcare-market-report,1,128,0.78%,19.21
https://www.bionixus.com/global-websites/kuwait,1,128,0.78%,25.19
https://www.bionixus.com/global-websites/italy,1,105,0.95%,34.08
https://www.bionixus.com/pharmaceutical-market-research-dubai,1,103,0.97%,34.44
https://www.bionixus.com/saudi-arabia-automotive-market-research,1,100,1%,44.22
https://www.bionixus.com/usa-medical-devices-market-report,1,98,1.02%,13.89
https://www.bionixus.com/blog/deutsche-pharmaunternehmen-2026-pipeline-updates,1,91,1.1%,4.3
https://www.bionixus.com/case-studies/gcc-oncology-market,1,87,1.15%,22.18
https://www.bionixus.com/sfda-market-access-strategy-saudi-arabia,1,84,1.19%,15
https://www.bionixus.com/healthcare-market-research/sweden,1,79,1.27%,22.39
https://www.bionixus.com/blog/market-access-strategy-uae,1,73,1.37%,6.47
https://www.bionixus.com/market-reports/qatar-biosimilars-market-report,1,73,1.37%,7.44
https://www.bionixus.com/blog/emea-jca-market-access-update-2026,1,69,1.45%,6.59
https://www.bionixus.com/canada-medical-devices-market-report,1,69,1.45%,19.9
https://www.bionixus.com/uk-healthcare-market-report,1,68,1.47%,13.54
https://www.bionixus.com/blog/top-healthcare-market-research-companies-kuwait,1,65,1.54%,19.86
https://www.bionixus.com/market-reports/gcc-rare-diseases-market-report,1,60,1.67%,56.57
https://www.bionixus.com/blog/vijoice-alpelisib-pros-ema-chmp-2026,1,59,1.69%,5.64
https://www.bionixus.com/blog/idvynso-doravirine-islatravir-hiv-fda-2026,1,59,1.69%,7.98
https://www.bionixus.com/market-reports/india-diabetes-market-report,1,54,1.85%,19.37
https://www.bionixus.com/market-reports/bahrain-diabetes-market-report,1,52,1.92%,9.56
https://www.bionixus.com/market-reports/oman-digital-health-market-report,1,49,2.04%,9.96
https://careers.bionixus.com/,1,46,2.17%,5.04
https://www.bionixus.com/news,1,45,2.22%,5.89
https://www.bionixus.com/global-websites/nigeria,1,45,2.22%,15.16
https://www.bionixus.com/blog/physician-surveys-healthcare-digital-health-2026,1,43,2.33%,9.51
https://www.bionixus.com/market-reports/south-korea-cardiovascular-market-report,1,42,2.38%,11.45
https://www.bionixus.com/market-reports/china-diabetes-market-report,1,41,2.44%,15.37
https://www.bionixus.com/global-websites/kenya,1,41,2.44%,20.02
https://www.bionixus.com/global-websites/switzerland,1,39,2.56%,10.74
https://www.bionixus.com/market-reports/south-korea-oncology-market-report,1,39,2.56%,32.03
https://www.bionixus.com/market-reports/singapore-oncology-market-report,1,38,2.63%,22.29
https://www.bionixus.com/market-reports/bahrain-digital-health-market-report,1,34,2.94%,9.5
https://www.bionixus.com/healthcare-market-research/therapy/oncology,1,33,3.03%,20.33
https://www.bionixus.com/market-reports/country/turkey,1,32,3.12%,21.06
https://www.bionixus.com/market-reports/qatar-diabetes-market-report,1,29,3.45%,5.9
https://www.bionixus.com/market-reports/saudi-arabia-biosimilars-market-report,1,27,3.7%,10.93
https://www.bionixus.com/insights/top-automotive-market-research-companies-egypt-2026,1,26,3.85%,9.35
https://www.bionixus.com/global-websites/iraq,1,24,4.17%,10.46
https://www.bionixus.com/market-reports/uae-oncology-market-report,1,22,4.55%,8.41
https://www.bionixus.com/blog/sfda-approval-qfitlia-saudi-arabia-pharmaceutical-market,1,21,4.76%,7.48
https://www.bionixus.com/healthcare-market-research/kuwait,1,21,4.76%,20.33
https://www.bionixus.com/market-reports/bahrain-respiratory-market-report,1,21,4.76%,22.57
https://www.bionixus.com/insights/top-medtech-market-research-companies-egypt-2026,1,19,5.26%,7.47
https://www.bionixus.com/kuwait-healthcare-market-report,1,19,5.26%,12.21
https://www.bionixus.com/market-reports/saudi-arabia-oncology-market-report,1,18,5.56%,6.5
https://www.bionixus.com/blog/pharmaceutical-market-research-uk-2026,1,17,5.88%,10.53
https://www.bionixus.com/blog/sfda-economic-evaluation-budget-impact-guide-2026,1,16,6.25%,4.44
https://www.bionixus.com/blog/top-therapy-areas-pharma-growth-saudi-arabia,1,16,6.25%,15.5
https://www.bionixus.com/physician-survey-saudi-arabia,1,16,6.25%,37.06
https://careers.bionixus.com/applications/cb0b5afc-03ce-4c2b-9b10-616126169bfa?lang=EN,1,15,6.67%,13.07
https://www.bionixus.com/market-reports/kuwait-rare-diseases-market-report,1,13,7.69%,7.08
https://www.bionixus.com/market-reports/oman-oncology-market-report,1,13,7.69%,19.62
https://www.bionixus.com/heor-consulting-saudi-arabia,1,13,7.69%,59
https://www.bionixus.com/market-reports/australia-oncology-market-report,1,12,8.33%,29.33
https://www.bionixus.com/market-reports/oman-rare-diseases-market-report,1,11,9.09%,5.82
https://www.bionixus.com/blog/saudi-healthcare-market-research-firms-ar,1,8,12.5%,6.75
https://www.bionixus.com/healthcare-market-research/iraq,1,8,12.5%,11.5
https://www.bionixus.com/market-reports/saudi-arabia-cardiovascular-market-report,1,5,20%,9.2
https://www.bionixus.com/healthcare-market-research/jeddah,1,5,20%,14.6
https://www.bionixus.com/insights/top-hospitality-market-research-companies-uae-2026,1,4,25%,7.25
https://www.bionixus.com/market-reports/saudi-arabia-vaccines-market-report,1,3,33.33%,5.33
https://www.bionixus.com/healthcare-market-research/denmark,1,3,33.33%,5.67
https://www.bionixus.com/egypt-fmcg-market-research,1,2,50%,3
https://www.bionixus.com/api/og-card?path=/global-websites/morocco,1,2,50%,10
https://www.bionixus.com/healthcare-market-research/kenya,1,2,50%,30
https://www.bionixus.com/gcc-pharmaceutical-market-research,0,3592,0%,57.92
https://www.bionixus.com/market-reports/country/gcc,0,1666,0%,57.5
https://www.bionixus.com/gcc-pharma-market-report-2026,0,1382,0%,56.94
https://www.bionixus.com/japan-medical-devices-market-report,0,787,0%,35.98
https://www.bionixus.com/healthcare-market-research/france,0,482,0%,55.11
https://www.bionixus.com/de,0,477,0%,37.21
https://www.bionixus.com/global-websites/spain,0,391,0%,48.74
https://www.bionixus.com/healthcare-market-research/services/kol-mapping,0,336,0%,28.87
https://www.bionixus.com/case-studies,0,332,0%,22.21
https://www.bionixus.com/healthcare-market-research/singapore,0,327,0%,56.44
https://www.bionixus.com/blog/baxfendy-baxdrostat-hypertension-fda-2026,0,317,0%,12.91
https://www.bionixus.com/es,0,313,0%,50.04
https://www.bionixus.com/global-websites/denmark,0,302,0%,18.82
https://www.bionixus.com/services/competitive-intelligence,0,295,0%,49.4
https://www.bionixus.com/brazil-medical-devices-market-report,0,294,0%,10.94
https://www.bionixus.com/blog/pharmaceutical-healthcare-market-research-gcc,0,231,0%,30.66
https://www.bionixus.com/china-medical-devices-market-report,0,224,0%,63.35
https://www.bionixus.com/market-reports/country/germany,0,213,0%,42.67
https://www.bionixus.com/blog/foundayo-orforglipron-fda-approval-2026,0,204,0%,8.13
https://www.bionixus.com/blog/jascayd-nerandomilast-ema-chmp-ipf-2026,0,193,0%,7.49
https://www.bionixus.com/api/og-card?path=/market-reports/gcc-immunology-biologics-market-report,0,193,0%,60.83
https://www.bionixus.com/global-websites/saudi-arabia,0,192,0%,40.35
https://www.bionixus.com/italy-medical-devices-market-report,0,184,0%,55.32
https://www.bionixus.com/healthcare-market-research/spain,0,182,0%,62.93
https://www.bionixus.com/market-research-by-industry,0,180,0%,63.87
https://www.bionixus.com/blog/fda-update-glp-1-obesity-market-crackdown-2026,0,179,0%,6.63
https://www.bionixus.com/global-websites/japan,0,165,0%,42.65
https://www.bionixus.com/blog/gcc-clinical-trials-market-2026,0,156,0%,7.9
https://www.bionixus.com/blog/pharmacies-saudi-arabia-market-research-marketing-automation,0,151,0%,17.6
https://www.bionixus.com/market-reports/country/singapore,0,150,0%,34.59
https://www.bionixus.com/market-reports/country/south-korea,0,145,0%,24.89
https://www.bionixus.com/market-reports/saudi-arabia-dermatology-market-report,0,141,0%,5.94
https://www.bionixus.com/market-reports/therapy/cardiovascular,0,135,0%,68.6
https://www.bionixus.com/b2c-industries,0,134,0%,15.45
https://www.bionixus.com/market-reports/country/uk,0,133,0%,52.2
https://www.bionixus.com/bionixus-vs-iqvia-mena,0,131,0%,7.18
https://www.bionixus.com/strategic-portfolio,0,131,0%,14.33
https://www.bionixus.com/blog/datroway-datopotamab-tnbc-fda-approval-2026,0,129,0%,11.1
https://www.bionixus.com/market-reports/turkey-diabetes-market-report,0,114,0%,6.61
https://www.bionixus.com/insights/top-market-research-companies-dubai-2026,0,112,0%,10.26
https://www.bionixus.com/market-reports/egypt-oncology-market-report,0,111,0%,3.77
https://www.bionixus.com/market-reports/gcc-immunology-biologics-market-report,0,111,0%,19.63
https://www.bionixus.com/biosimilar-market-entry-saudi-arabia,0,108,0%,58.1
https://www.bionixus.com/blog/langlara-insulin-glargine-biosimilar-fda-2026,0,105,0%,7.71
https://www.bionixus.com/healthcare-market-research/europe,0,102,0%,53.88
https://www.bionixus.com/blog/redemplo-plozasiran-fcs-ema-chmp-2026,0,95,0%,7.61
https://www.bionixus.com/global-websites/qatar,0,95,0%,57.68
https://www.bionixus.com/blog/quantitative-market-research-and-market-access,0,94,0%,53.23
https://www.bionixus.com/case-studies/cns-case-study,0,92,0%,19.23
https://www.bionixus.com/market-reports/therapy/dermatology,0,92,0%,65.54
https://www.bionixus.com/bahrain-healthcare-market-report,0,91,0%,9.27
https://www.bionixus.com/germany-medical-devices-market-report,0,91,0%,10.7
https://www.bionixus.com/healthcare-market-research/services/market-access,0,88,0%,66.55
https://www.bionixus.com/blog/beqalzi-sonrotoclax-mcl-fda-2026,0,86,0%,12.59
https://www.bionixus.com/healthcare-market-research/services/quantitative-research,0,83,0%,67.94
https://www.bionixus.com/gcc-hcp-recruitment-market-research,0,80,0%,69.61
https://www.bionixus.com/global-websites/libya,0,79,0%,6.99
https://www.bionixus.com/market-reports/qatar-digital-health-market-report,0,79,0%,16.97
https://www.bionixus.com/blog/lifyorli-relacorilant-ovarian-cancer-fda-2026,0,78,0%,16.44
https://www.bionixus.com/healthcare-market-research/dubai,0,76,0%,47.91
https://www.bionixus.com/market-reports/oman-immunology-biologics-market-report,0,75,0%,9.76
https://www.bionixus.com/market-reports/gcc-respiratory-market-report,0,72,0%,23.69
https://www.bionixus.com/kantar-health-alternative-gcc,0,71,0%,11.13
https://www.bionixus.com/insights/top-biotech-market-research-companies-uae-2026,0,71,0%,23.01
https://www.bionixus.com/uae-pharmaceutical-market-research,0,70,0%,74.13
https://www.bionixus.com/market-reports/qatar-immunology-biologics-market-report,0,69,0%,15.07
https://www.bionixus.com/blog/healthcare-market-research-methodologies-gcc,0,69,0%,40.42
https://www.bionixus.com/blog/maxdiff-vs-conjoint-analysis-medtech-pricing,0,68,0%,19.25
https://www.bionixus.com/market-research-uae,0,68,0%,68.81
https://www.bionixus.com/case-studies/uae-influenza-vaccines-report-2025-2026,0,67,0%,7.16
https://www.bionixus.com/global-websites,0,67,0%,12.12
https://www.bionixus.com/global-websites/morocco,0,67,0%,18.69
https://www.bionixus.com/global-websites/sweden,0,67,0%,19.22
https://www.bionixus.com/blog/eli-lilly-vaccine-acquisitions-curevo-limmatech-2026,0,66,0%,9.65
https://www.bionixus.com/bionixus-ai-chatbots-increase-sales-and-lead-generation,0,66,0%,24.62
https://www.bionixus.com/blog/lynarvo-linerixibat-pbc-fda-2026,0,65,0%,5.45
https://www.bionixus.com/blog/competitive-intelligence-pharma-gcc,0,63,0%,16.73
https://www.bionixus.com/market-research-healthcare,0,63,0%,35.16
https://www.bionixus.com/market-reports/uae-digital-health-market-report,0,61,0%,8.41
https://www.bionixus.com/market-reports/saudi-arabia-diabetes-market-report,0,60,0%,6.93
https://www.bionixus.com/patient-support-program-research-gcc,0,60,0%,65.28
https://www.bionixus.com/api/og-card?path=/market-reports/china-immunology-biologics-market-report,0,59,0%,52.29
https://www.bionixus.com/market-reports/bahrain-immunology-biologics-market-report,0,58,0%,10.21
https://www.bionixus.com/api/og-card?path=/market-reports/gcc-cardiovascular-market-report,0,58,0%,52.64
https://www.bionixus.com/market-reports/country/japan,0,57,0%,32.21
https://www.bionixus.com/market-reports/country/india,0,57,0%,54.07
https://www.bionixus.com/zh/contact,0,55,0%,9.91
https://www.bionixus.com/blog/adstiladrin-nadofaragene-nmibc-ema-chmp-2026,0,54,0%,8.81
https://www.bionixus.com/japan-healthcare-market-report,0,54,0%,15.76
https://www.bionixus.com/market-research-kuwait,0,54,0%,21.52
https://www.bionixus.com/market-reports/kuwait-digital-health-market-report,0,53,0%,5.53
https://www.bionixus.com/egypt-medical-devices-market-report,0,53,0%,22.96
https://www.bionixus.com/spain-medical-devices-market-report,0,53,0%,38.85
https://www.bionixus.com/blog/pharmacoeconomics-consulting-europe-2026,0,52,0%,7.25
https://www.bionixus.com/blog/fda-real-world-evidence-market-access-usa-2026,0,52,0%,7.92
https://www.bionixus.com/global-websites/france,0,52,0%,36.27
https://www.bionixus.com/bionixus-industries,0,51,0%,5.98
https://www.bionixus.com/diabetes-market-research-uae,0,50,0%,13.54
https://www.bionixus.com/blog/pharma-market-entry-saudi-arabia-playbook,0,49,0%,6.8
https://www.bionixus.com/kol-mapping-saudi-arabia-oncology,0,49,0%,21.24
https://www.bionixus.com/market-reports/therapy/respiratory,0,49,0%,52.55
https://www.bionixus.com/insights/top-market-research-companies-riyadh-2026,0,48,0%,10.88
https://www.bionixus.com/global-websites/germany,0,48,0%,13.42
https://www.bionixus.com/healthcare-market-research/qatar,0,48,0%,74.56
https://www.bionixus.com/api/og-card?path=/singapore-medical-devices-market-report,0,47,0%,72.34
https://www.bionixus.com/blog/imdylltra-tarlatamab-sclc-ema-chmp-2026,0,45,0%,10.13
https://www.bionixus.com/blog/healthcare-market-research-uae-guide-2025,0,45,0%,48.22
https://www.bionixus.com/blog/regional-crisis-impact-middle-east-economies-healthcare-2026,0,44,0%,7.48
https://www.bionixus.com/blog/healthcare-market-research-europe-2026,0,44,0%,21.45
https://www.bionixus.com/market-reports/qatar-rare-diseases-market-report,0,43,0%,16.81
https://www.bionixus.com/blog/zepbound-kwikpen-goodrx-self-pay-2026,0,42,0%,6.31
https://www.bionixus.com/saudi-arabia-healthcare-market-report,0,41,0%,7.88
https://www.bionixus.com/healthcare-market-research/algeria,0,41,0%,30.44
https://www.bionixus.com/global-websites/united-kingdom,0,41,0%,43.05
https://www.bionixus.com/market-reports/therapy/rare-diseases,0,41,0%,62.17
https://www.bionixus.com/global-websites/algeria,0,40,0%,11.95
https://www.bionixus.com/australia-healthcare-market-report,0,40,0%,58.67
https://www.bionixus.com/api/og-card?path=/market-reports/singapore-diabetes-market-report,0,40,0%,59.67
https://www.bionixus.com/blog/market-access-research-uae-2026,0,39,0%,14.15
https://www.bionixus.com/market-reports/china-cardiovascular-market-report,0,39,0%,19.64
https://www.bionixus.com/global-websites/china,0,39,0%,26.77
https://careers.bionixus.com/applications/d7d18c6d-a616-40ec-a3b5-4ce4f0324a7c?lang=EN,0,39,0%,28.72
https://www.bionixus.com/market-reports/country/egypt,0,39,0%,36.18
https://www.bionixus.com/blog/itvisma-onasemnogene-sma-ema-chmp-2026,0,38,0%,7.11
https://www.bionixus.com/es/,0,38,0%,63.63
https://www.bionixus.com/insights,0,37,0%,14.19
https://www.bionixus.com/market-reports/uae-vaccines-market-report,0,37,0%,15
https://www.bionixus.com/market-reports/gcc-vaccines-market-report,0,37,0%,39.24
https://www.bionixus.com/blog/abu-dhabi-doh-vs-dubai-dha-formulary-guide,0,36,0%,8.08
https://www.bionixus.com/blog/vasa-lilly-tunelab-camkii-cardiovascular-ai-2026,0,35,0%,7.94
https://www.bionixus.com/usa-healthcare-market-report,0,35,0%,11.03
https://www.bionixus.com/market-reports/egypt-biosimilars-market-report,0,34,0%,8.12
https://www.bionixus.com/kuwait-medical-devices-market-report,0,33,0%,6.58
https://www.bionixus.com/global-websites/jordan,0,33,0%,8.15
https://www.bionixus.com/api/og-card?path=/pharmaceutical-companies-uae,0,33,0%,64.39
https://www.bionixus.com/market-reports/egypt-immunology-biologics-market-report,0,32,0%,9.88
https://www.bionixus.com/market-reports/langlara-insulin-glargine-2026,0,32,0%,11.66
https://www.bionixus.com/global-websites/bahrain,0,32,0%,47
https://www.bionixus.com/healthcare-market-research/uae,0,32,0%,88.56
https://www.bionixus.com/faq,0,31,0%,4.9
https://www.bionixus.com/healthcare-market-research/libya,0,31,0%,7.84
https://www.bionixus.com/market-reports/brazil-diabetes-market-report,0,31,0%,10.87
https://www.bionixus.com/market-reports/gcc-cardiovascular-market-report,0,31,0%,34.03
https://www.bionixus.com/blog/kol-mapping-pharma-middle-east,0,30,0%,10.7
https://www.bionixus.com/market-reports/gcc-neurology-cns-market-report,0,30,0%,50.27
https://www.bionixus.com/market-reports/gcc-oncology-market-report,0,30,0%,70.9
https://www.bionixus.com/market-reports/uae-biosimilars-market-report,0,29,0%,10.07
https://www.bionixus.com/healthcare-market-research/lebanon,0,29,0%,15.45
https://www.bionixus.com/egypt-healthcare-market-research,0,29,0%,27.24
https://www.bionixus.com/market-reports/qatar-oncology-market-report,0,29,0%,45.83
https://www.bionixus.com/healthcare-market-research/riyadh,0,29,0%,79.1
https://www.bionixus.com/blog/zepzelca-lurbinectedin-sclc-ema-chmp-2026,0,28,0%,6.39
https://www.bionixus.com/market-reports/uae-rare-diseases-market-report,0,28,0%,6.79
https://www.bionixus.com/privacy,0,28,0%,7.61
https://www.bionixus.com/blog/oncology-uae-2026-cancer-care-outlook,0,28,0%,8.57
https://www.bionixus.com/market-reports/uae-neurology-cns-market-report,0,28,0%,14.21
https://www.bionixus.com/healthcare-market-research/bahrain,0,28,0%,33.11
https://www.bionixus.com/zh/methodology,0,28,0%,34
https://www.bionixus.com/es/market-research-healthcare,0,28,0%,65
https://www.bionixus.com/market-reports/japan-diabetes-market-report,0,27,0%,7.07
https://www.bionixus.com/market-reports/uae-diabetes-market-report,0,27,0%,7.11
https://www.bionixus.com/blog/pharmaceutical-market-research-methods-mena,0,27,0%,44.15
https://www.bionixus.com/market-reports/germany-diabetes-market-report,0,26,0%,13.46
https://www.bionixus.com/market-reports/country/australia,0,26,0%,54.35
https://www.bionixus.com/gfk-alternative-egypt,0,25,0%,9.92
https://www.bionixus.com/blog/patient-journey-mapping-saudi-arabia,0,25,0%,11.6
https://www.bionixus.com/market-reports/india-immunology-biologics-market-report,0,25,0%,24.8
https://www.bionixus.com/market-reports/kuwait-neurology-cns-market-report,0,25,0%,42.2
https://www.bionixus.com/market-reports/brazil-oncology-market-report,0,24,0%,11.79
https://www.bionixus.com/market-reports/india-oncology-market-report,0,24,0%,26.92
https://www.bionixus.com/market-reports/country/qatar,0,24,0%,72.42
https://www.bionixus.com/recruitment-services,0,23,0%,4.87
https://www.bionixus.com/blog/سوق-الدواء-السعودي-2026,0,23,0%,8
https://www.bionixus.com/oman-medical-devices-market-report,0,23,0%,11.35
https://www.bionixus.com/api/og-card?path=/market-reports/therapy/respiratory,0,23,0%,52.7
https://www.bionixus.com/insights/top-energy-market-research-companies-uae-2026,0,22,0%,6.41
https://www.bionixus.com/market-reports/bahrain-cardiovascular-market-report,0,22,0%,11.41
https://www.bionixus.com/clinical-diagnostics-market-research,0,22,0%,15.91
https://www.bionixus.com/healthcare-market-research/nigeria,0,22,0%,25.45
https://www.bionixus.com/market-reports/therapy/digital-health,0,22,0%,33.23
https://www.bionixus.com/market-reports/country/uae,0,22,0%,62.82
https://www.bionixus.com/canada-healthcare-market-report,0,21,0%,14.62
https://www.bionixus.com/uae-technology-market-research,0,21,0%,42.43
https://www.bionixus.com/market-reports/uae-immunology-biologics-market-report,0,20,0%,7.9
https://www.bionixus.com/market-reports/singapore-diabetes-market-report,0,20,0%,13.85
https://www.bionixus.com/egypt-pharmaceutical-market-research,0,19,0%,8.05
https://www.bionixus.com/global-websites/south-africa,0,19,0%,10.89
https://www.bionixus.com/healthcare-market-research/canada,0,19,0%,11.32
https://www.bionixus.com/blog/gesundheitsmarkt-deutschland-2026,0,19,0%,11.42
https://www.bionixus.com/market-reports/qatar-neurology-cns-market-report,0,19,0%,12.21
https://www.bionixus.com/gcc-vaccines-market-report,0,19,0%,28.58
https://www.bionixus.com/market-reports/germany-immunology-biologics-market-report,0,18,0%,7.06
https://www.bionixus.com/global-websites/mexico,0,18,0%,15.67
https://careers.bionixus.com/applications/084f22ad-0e47-4787-9ad1-6d7f3c1962bc?lang=EN,0,18,0%,17.5
https://www.bionixus.com/healthcare-market-research/egypt,0,18,0%,22
https://www.bionixus.com/uae-media-market-research,0,18,0%,25.22
https://www.bionixus.com/uae-education-market-research,0,18,0%,29.44
https://www.bionixus.com/market-reports/uk-immunology-biologics-market-report,0,17,0%,8.82
https://www.bionixus.com/healthcare-market-research/china,0,17,0%,11.12
https://www.bionixus.com/market-reports/bahrain-oncology-market-report,0,17,0%,11.41
https://www.bionixus.com/market-reports/usa-immunology-biologics-market-report,0,17,0%,12.18
https://www.bionixus.com/market-reports/gcc-diabetes-market-report,0,17,0%,21.53
https://www.bionixus.com/market-reports/oman-dermatology-market-report,0,17,0%,30.29
https://www.bionixus.com/saudi-arabia-medical-devices-market-report,0,17,0%,38.76
https://www.bionixus.com/market-reports/saudi-arabia-digital-health-market-report,0,16,0%,5.69
https://www.bionixus.com/blog/roche-pathai-acquisition-digital-pathology-2026,0,16,0%,8.69
https://www.bionixus.com/insights/top-education-market-research-companies-uae-2026,0,16,0%,9.62
https://www.bionixus.com/blog/tecartus-brexucabtagene-mcl-full-approval-2026,0,16,0%,11.75
https://www.bionixus.com/market-reports/usa-oncology-market-report,0,16,0%,26.56
https://www.bionixus.com/methodology,0,16,0%,29.81
https://www.bionixus.com/uae-consumer-health-market-research,0,16,0%,37.56
https://www.bionixus.com/ar/contacts,0,15,0%,5.47
https://www.bionixus.com/insights/top-automotive-market-research-companies-uae-2026,0,15,0%,5.73
https://www.bionixus.com/market-reports/south-korea-diabetes-market-report,0,15,0%,8.33
https://www.bionixus.com/blog/hospital-market-research,0,15,0%,8.67
https://careers.bionixus.com/applications/16b9b8b2-483d-43ea-bb8b-bea5a710042f?lang=EN,0,15,0%,8.87
https://www.bionixus.com/egypt-energy-market-research,0,15,0%,17.67
https://www.bionixus.com/market-reports/therapy/oncology,0,15,0%,24.93
https://www.bionixus.com/egypt-biotech-market-research,0,15,0%,26.67
https://www.bionixus.com/api/og-card?path=/market-reports/gcc-biosimilars-market-report,0,15,0%,75.6
https://www.bionixus.com/blog/saudi-arabia-healthcare-market-2026,0,14,0%,6.21
https://www.bionixus.com/market-reports/china-immunology-biologics-market-report,0,14,0%,10.71
https://www.bionixus.com/global-websites/turkey,0,14,0%,17.5
https://www.bionixus.com/market-reports/country/oman,0,14,0%,39
https://www.bionixus.com/api/og-card?path=/market-reports/turkey-diabetes-market-report,0,14,0%,48.71
https://www.bionixus.com/egypt-public-sector-market-research,0,13,0%,7.54
https://www.bionixus.com/egypt-automotive-market-research,0,13,0%,35.54
https://www.bionixus.com/api/og-card?path=/market-reports/uae-immunology-biologics-market-report,0,13,0%,87.77
https://www.bionixus.com/market-reports/turkey-rare-diseases-market-report,0,12,0%,5.25
https://www.bionixus.com/market-reports/qatar-dermatology-market-report,0,12,0%,7.33
https://careers.bionixus.com/applications/f8f33909-ee0b-4513-96af-234423b7df21?lang=EN,0,12,0%,12.08
https://www.bionixus.com/media,0,12,0%,15.42
https://www.bionixus.com/nf1-pharma-market-research,0,12,0%,20.92
https://www.bionixus.com/qatar-market-access-research,0,12,0%,35.42
https://www.bionixus.com/api/og-card?path=/market-reports/germany-oncology-market-report,0,12,0%,50.08
https://www.bionixus.com/blog/ai-vs-human-insight-validating-quantitative-data-2026-pharma-research,0,11,0%,16.55
https://www.bionixus.com/egypt-technology-market-research,0,11,0%,26.55
https://www.bionixus.com/global-websites/united-states,0,11,0%,27.18
https://www.bionixus.com/kuwait-market-access-research,0,11,0%,27.36
https://www.bionixus.com/market-reports/therapy/biosimilars,0,11,0%,52.55
https://www.bionixus.com/services/clinical-trial-support,0,11,0%,56.45
https://www.bionixus.com/market-reports/egypt-dermatology-market-report,0,10,0%,4.8
https://www.bionixus.com/market-reports/turkey-immunology-biologics-market-report,0,10,0%,6
https://www.bionixus.com/blog/recruiting-high-scarcity-specialists-oncology-quantitative-studies,0,10,0%,6.5
https://www.bionixus.com/insights/top-technology-market-research-companies-saudi-arabia-2026,0,10,0%,8.3
https://www.bionixus.com/market-reports/uk-respiratory-market-report,0,10,0%,11.4
https://careers.bionixus.com/applications/5d2476af-cece-4631-af05-b5b5e253393b?lang=EN,0,10,0%,29.5
https://www.bionixus.com/uae-telecom-market-research,0,10,0%,30.5
https://www.bionixus.com/market-reports/uk-diabetes-market-report,0,10,0%,36
https://www.bionixus.com/api/og-card?path=/singapore-healthcare-market-report,0,10,0%,90.1
https://www.bionixus.com/market-reports/germany-cardiovascular-market-report,0,9,0%,4.44
https://www.bionixus.com/saudi-arabia-consumer-health-market-research,0,9,0%,5.33
https://www.bionixus.com/market-reports/oman-neurology-cns-market-report,0,9,0%,6.33
https://www.bionixus.com/france-medical-devices-market-report,0,9,0%,8.56
https://www.bionixus.com/market-reports/qatar-cardiovascular-market-report,0,9,0%,8.78
https://www.bionixus.com/insights/top-telecom-market-research-companies-uae-2026,0,9,0%,8.89
https://www.bionixus.com/market-reports/oman-diabetes-market-report,0,9,0%,12.56
https://www.bionixus.com/uae-hospitality-market-research,0,9,0%,19
https://www.bionixus.com/healthcare-market-research/services/qualitative-research,0,9,0%,51.56
https://www.bionixus.com/api/og-card?path=/ar/market-research-saudi,0,9,0%,97.78
https://www.bionixus.com/market-reports/kuwait-dermatology-market-report,0,8,0%,6.12
https://www.bionixus.com/uae-real-estate-market-research,0,8,0%,7.75
https://www.bionixus.com/market-reports/germany-respiratory-market-report,0,8,0%,10.5
https://www.bionixus.com/ar/conf,0,8,0%,12.62
https://www.bionixus.com/market-reports/egypt-respiratory-market-report,0,8,0%,13
https://www.bionixus.com/market-reports/uae-dermatology-market-report,0,8,0%,14.88
https://www.bionixus.com/market-reports/saudi-arabia-rare-diseases-market-report,0,8,0%,15.88
https://careers.bionixus.com/applications/072a2ec9-7039-4e96-b58b-b0fe33f67db0?lang=EN,0,8,0%,19
https://www.bionixus.com/market-reports/kuwait-vaccines-market-report,0,8,0%,22.12
https://www.bionixus.com/healthcare-market-research/morocco,0,8,0%,23.12
https://www.bionixus.com/market-reports/kuwait-diabetes-market-report,0,8,0%,23.38
https://www.bionixus.com/market-reports/japan-cardiovascular-market-report,0,8,0%,24.25
https://www.bionixus.com/api/og-card?path=/market-reports/uk-diabetes-market-report,0,8,0%,36.38
https://www.bionixus.com/blog/healthcare-market-research-europe,0,8,0%,53.75
https://www.bionixus.com/market-reports/gcc-dermatology-market-report,0,8,0%,57.25
https://www.bionixus.com/api/og-card?path=/pharmaceutical-companies-kuwait,0,8,0%,61.12
https://www.bionixus.com/insights/top-healthcare-market-research-companies-egypt-2026,0,7,0%,2.43
https://www.bionixus.com/insights/top-retail-market-research-companies-uae-2026,0,7,0%,3.14
https://www.bionixus.com/market-reports/turkey-cardiovascular-market-report,0,7,0%,5.29
https://www.bionixus.com/blog/data-privacy-beyond-hipaa-global-quantitative-research-compliance-2026,0,7,0%,6.71
https://www.bionixus.com/market-reports/egypt-cardiovascular-market-report,0,7,0%,7
https://careers.bionixus.com/applications/3b97216e-98b9-483a-8b2a-d05d1f184645?lang=EN,0,7,0%,8.14
https://www.bionixus.com/healthcare-market-research/south-africa?__ssr=1,0,7,0%,9.57
https://www.bionixus.com/market-reports/bahrain-vaccines-market-report,0,7,0%,15.29
https://www.bionixus.com/saudi-payer-market-access-research,0,7,0%,16.71
https://www.bionixus.com/healthcare-market-research/therapy/vaccines,0,7,0%,21.71
https://www.bionixus.com/market-reports/india-cardiovascular-market-report,0,7,0%,31.71
https://www.bionixus.com/desmoid-tumor-pharma-market-research,0,7,0%,37.71
https://www.bionixus.com/healthcare-market-research/switzerland?__ssr=1,0,7,0%,48.86
https://www.bionixus.com/uae-energy-market-research,0,7,0%,50.86
https://www.bionixus.com/api/og-card?path=/market-reports/gcc-digital-health-market-report,0,7,0%,69
https://www.bionixus.com/api/og-card?path=/market-reports/qatar-rare-diseases-market-report,0,7,0%,92.57
https://www.bionixus.com/insights/top-healthcare-market-research-companies-uae-2026,0,6,0%,5
https://www.bionixus.com/blog/uae-healthcare-market-trends-2025,0,6,0%,7.67
https://www.bionixus.com/market-reports/oman-vaccines-market-report,0,6,0%,9.33
https://www.bionixus.com/insights/top-real-estate-market-research-companies-uae-2026,0,6,0%,9.67
https://www.bionixus.com/healthcare-market-research/switzerland,0,6,0%,20
https://www.bionixus.com/market-reports/uk-oncology-market-report,0,6,0%,23.67
https://www.bionixus.com/healthcare-fieldwork-middle-east,0,6,0%,25.17
https://www.bionixus.com/healthcare-market-research/turkey,0,6,0%,36.33
https://careers.bionixus.com/applications/d529fd34-3c8d-4789-a970-eb54840da741?lang=EN,0,6,0%,46
https://www.bionixus.com/market-reports/country/usa,0,6,0%,49.33
https://www.bionixus.com/api/og-card?path=/south-korea-healthcare-market-report,0,6,0%,49.83
https://www.bionixus.com/market-reports/country/bahrain,0,6,0%,49.83
https://www.bionixus.com/api/og-card?path=/market-reports/gcc-oncology-market-report,0,6,0%,81.67
https://www.bionixus.com/api/og-card?path=/saudi-payer-market-access-research,0,6,0%,93.83
https://www.bionixus.com/market-reports/kuwait-oncology-market-report,0,5,0%,4
https://www.bionixus.com/es/methodology,0,5,0%,6
https://www.bionixus.com/market-reports/bahrain-biosimilars-market-report,0,5,0%,6.2
https://www.bionixus.com/healthcare-market-research/tunisia,0,5,0%,7.8
https://www.bionixus.com/market-reports/oman-cardiovascular-market-report,0,5,0%,7.8
https://www.bionixus.com/market-reports/egypt-neurology-cns-market-report,0,5,0%,11.8
https://www.bionixus.com/healthcare-market-research/abu-dhabi,0,5,0%,12
https://www.bionixus.com/egypt-education-market-research,0,5,0%,19.2
https://www.bionixus.com/terms,0,5,0%,21.8
https://www.bionixus.com/egypt-telecom-market-research,0,5,0%,22.4
https://www.bionixus.com/api/og-card?path=/market-reports/india-diabetes-market-report,0,5,0%,33.6
https://www.bionixus.com/api/og-card?path=/canada-medical-devices-market-report,0,5,0%,48.2
https://www.bionixus.com/healthcare-market-research/therapy/rare-diseases,0,5,0%,50.4
https://www.bionixus.com/api/og-card?path=/healthcare-market-research/uk,0,5,0%,65.4
https://www.bionixus.com/api/og-card?path=/market-reports/oman-rare-diseases-market-report,0,5,0%,76.2
https://www.bionixus.com/healthcare-market-research/united-arab-emirates,0,5,0%,97.4
https://bionixus.com/,0,4,0%,4
https://www.bionixus.com/market-reports/therapy/vaccines,0,4,0%,5.5
https://www.bionixus.com/market-reports/egypt-vaccines-market-report,0,4,0%,6.5
https://www.bionixus.com/market-reports/qatar-respiratory-market-report,0,4,0%,6.75
https://www.bionixus.com/insights/top-real-estate-market-research-companies-saudi-arabia-2026,0,4,0%,7
https://www.bionixus.com/resources,0,4,0%,7.5
https://www.bionixus.com/market-reports/turkey-respiratory-market-report,0,4,0%,7.75
https://www.bionixus.com/ar/blog/gcc-pharmaceuticals-market-arabic-2026,0,4,0%,8.25
https://www.bionixus.com/ar/methodology,0,4,0%,8.75
https://www.bionixus.com/egypt-financial-services-market-research,0,4,0%,12
https://www.bionixus.com/egypt-retail-market-research,0,4,0%,18.5
https://www.bionixus.com/uae-automotive-market-research,0,4,0%,20.25
https://careers.bionixus.com/applications/79448f08-683e-45f2-a668-925c145bd060?lang=EN,0,4,0%,25.5
https://www.bionixus.com/ar/blog/quantitative-market-research-and-market-access,0,4,0%,28.5
https://www.bionixus.com/uae-retail-market-research,0,4,0%,49
https://www.bionixus.com/api/og-card?path=/market-reports/india-immunology-biologics-market-report,0,4,0%,51.25
https://www.bionixus.com/api/og-card?path=/market-reports/india-cardiovascular-market-report,0,4,0%,61
https://www.bionixus.com/api/og-card?path=/market-reports/japan-cardiovascular-market-report,0,4,0%,61.5
https://www.bionixus.com/api/og-card?path=/south-korea-medical-devices-market-report,0,4,0%,73.5
https://www.bionixus.com/market-reports/bahrain-neurology-cns-market-report,0,4,0%,81.5
https://www.bionixus.com/api/og-card?path=/pharmaceutical-companies-oman,0,4,0%,86
https://careers.bionixus.com/applications/16b9b8b2-483d-43ea-bb8b-bea5a710042f?lang=EN&utm_campaign=google_jobs_apply&utm_source=google_jobs_apply&utm_medium=organic,0,3,0%,2
https://www.bionixus.com/api/og-card?path=/market-reports/egypt-dermatology-market-report,0,3,0%,2
https://www.bionixus.com/blog/pharmacoeconomics-gcc-practical-guide,0,3,0%,2
https://www.bionixus.com/blog/physician-surveys-healthcare,0,3,0%,4.33
https://www.bionixus.com/insights/top-consumer-health-market-research-companies-uae-2026,0,3,0%,4.33
https://www.bionixus.com/market-reports/kuwait-cardiovascular-market-report,0,3,0%,5
https://www.bionixus.com/market-reports/qatar-vaccines-market-report,0,3,0%,5
https://www.bionixus.com/real-world-evidence-gcc,0,3,0%,5.67
https://www.bionixus.com/market-reports/egypt-diabetes-market-report,0,3,0%,6
https://www.bionixus.com/insights/top-public-sector-market-research-companies-uae-2026,0,3,0%,6.33
https://www.bionixus.com/insights/top-hospitality-market-research-companies-egypt-2026,0,3,0%,7
https://www.bionixus.com/market-reports/uae-respiratory-market-report,0,3,0%,7.33
https://www.bionixus.com/market-reports/kuwait-biosimilars-market-report,0,3,0%,8
https://www.bionixus.com/insights/top-automotive-market-research-companies-saudi-arabia-2026,0,3,0%,9.33
https://www.bionixus.com/blog/shift-to-always-on-quantitative-tracking-why-periodic-studies-are-dying,0,3,0%,9.67
https://www.bionixus.com/healthcare-market-research/germany,0,3,0%,12
https://www.bionixus.com/healthcare-market-research/japan?__ssr=1,0,3,0%,15.67
https://www.bionixus.com/ar/strategic-portfolio,0,3,0%,18
https://www.bionixus.com/egypt-medtech-market-research,0,3,0%,22.33
https://www.bionixus.com/market-reports/uk-cardiovascular-market-report,0,3,0%,24.33
https://www.bionixus.com/pharma-fieldwork-egypt,0,3,0%,24.33
https://www.bionixus.com/insights/top-education-market-research-companies-egypt-2026,0,3,0%,26.33
https://www.bionixus.com/germany-healthcare-market-report,0,3,0%,28.33
https://www.bionixus.com/saudi-arabia-real-estate-market-research,0,3,0%,30.33
https://www.bionixus.com/market-reports/canada-oncology-market-report,0,3,0%,32.33
https://www.bionixus.com/uae-medtech-market-research,0,3,0%,34.67
https://www.bionixus.com/market-reports/germany-oncology-market-report,0,3,0%,36.67
https://www.bionixus.com/healthcare-market-research/therapy/diabetes,0,3,0%,38.33
https://www.bionixus.com/healthcare-market-research/jordan,0,3,0%,38.67
https://www.bionixus.com/api/og-card?path=/market-reports/uk-respiratory-market-report,0,3,0%,42
https://www.bionixus.com/market-reports/australia-diabetes-market-report,0,3,0%,44.33
https://www.bionixus.com/market-reports,0,3,0%,46.67
https://www.bionixus.com/saudi-arabia-energy-market-research,0,3,0%,50.67
https://www.bionixus.com/saudi-arabia-healthcare-market-research,0,3,0%,52.33
https://www.bionixus.com/api/og-card?path=/market-reports/gcc-diabetes-market-report,0,3,0%,59.33
https://www.bionixus.com/api/og-card?path=/healthcare-market-research/japan,0,3,0%,72
https://www.bionixus.com/api/og-card?path=/market-reports/turkey-cardiovascular-market-report,0,3,0%,85.67
https://www.bionixus.com/api/og-card?path=/india-medical-devices-market-report,0,3,0%,86.67
https://www.bionixus.com/market-reports/saudi-arabia-immunology-biologics-market-report,0,2,0%,5.5
https://www.bionixus.com/market-research-egypt,0,2,0%,5.5
https://www.bionixus.com/blog/joenja-leniolisib-apds-ema-chmp-2026,0,2,0%,6
https://www.bionixus.com/blog/kresladi-marnetegragene-lad1-fda-2026,0,2,0%,6
https://www.bionixus.com/ar/blog/أبحاث-السوق-الدوائية-في-الشرق-الأوسط-و-دول-الخليج-العربي,0,2,0%,6.5
https://www.bionixus.com/market-reports/usa-cardiovascular-market-report,0,2,0%,7
https://www.bionixus.com/ar/insights/top-market-research-companies-egypt-2026,0,2,0%,7.5
https://www.bionixus.com/api/og-card?path=/healthcare-market-research/jordan,0,2,0%,8.5
https://www.bionixus.com/saudi-arabia-technology-market-research,0,2,0%,9
https://www.bionixus.com/blog/drug-registration-kuwait-pharma-guide,0,2,0%,9.5
https://www.bionixus.com/bahrain-medical-devices-market-report,0,2,0%,11.5
https://www.bionixus.com/global-websites/canada,0,2,0%,11.5
https://www.bionixus.com/api/og-card?path=/ar/insights/top-market-research-companies-egypt-2026,0,2,0%,13
https://www.bionixus.com/market-reports/usa-diabetes-market-report,0,2,0%,17
https://www.bionixus.com/uae-biotech-market-research,0,2,0%,18
https://www.bionixus.com/api/og-card?path=/market-reports/egypt-vaccines-market-report,0,2,0%,21
https://www.bionixus.com/insights/top-financial-services-market-research-companies-uae-2026,0,2,0%,23
https://www.bionixus.com/healthcare-market-research/services/physician-insights,0,2,0%,26.5
https://www.bionixus.com/pharma-fieldwork-uae,0,2,0%,26.5
https://www.bionixus.com/market-reports/china-oncology-market-report,0,2,0%,28
https://www.bionixus.com/zh/market-research-healthcare,0,2,0%,30
https://www.bionixus.com/api/og-card?path=/healthcare-market-research/nigeria,0,2,0%,32
https://www.bionixus.com/uae-healthcare-market-report,0,2,0%,34
https://www.bionixus.com/healthcare-market-research/japan,0,2,0%,41.5
https://www.bionixus.com/india-healthcare-market-report,0,2,0%,45.5
https://www.bionixus.com/egypt-real-estate-market-research,0,2,0%,46.5
https://www.bionixus.com/api/og-card?path=/market-reports/qatar-biosimilars-market-report,0,2,0%,50
https://www.bionixus.com/qatar-medical-devices-market-report,0,2,0%,51.5
https://www.bionixus.com/api/og-card?path=/market-reports/south-korea-cardiovascular-market-report,0,2,0%,53.5
https://www.bionixus.com/healthcare-market-research/therapy/immunology,0,2,0%,55.5
https://www.bionixus.com/api/og-card?path=/insights/top-technology-market-research-companies-saudi-arabia-2026,0,2,0%,56
https://www.bionixus.com/api/og-card?path=/market-reports/uk-cardiovascular-market-report,0,2,0%,57
https://www.bionixus.com/api/og-card?path=/healthcare-market-research/italy,0,2,0%,61
https://www.bionixus.com/qatar-healthcare-market-report,0,2,0%,80.5
https://www.bionixus.com/api/og-card?path=/pharmaceutical-companies-egypt,0,2,0%,82.5
https://www.bionixus.com/uae-healthcare-market-research,0,2,0%,98
https://careers.bionixus.com/privacy-policy,0,1,0%,1
https://www.bionixus.com/api/og-card?path=/market-reports/egypt-digital-health-market-report,0,1,0%,2
https://www.bionixus.com/insights/top-consumer-health-market-research-companies-saudi-arabia-2026,0,1,0%,2
https://www.bionixus.com/api/og-card?path=/kuwait-medical-devices-market-report,0,1,0%,4
https://www.bionixus.com/saudi-arabia-telecom-market-research,0,1,0%,4
https://www.bionixus.com/api/og-card?path=/healthcare-market-research/turkey,0,1,0%,5
https://www.bionixus.com/ar/arabic-blog-alsawdyh,0,1,0%,5
https://www.bionixus.com/ar/market-research-egypt,0,1,0%,5
https://www.bionixus.com/fr/methodology,0,1,0%,5
https://www.bionixus.com/market-reports/therapy/immunology-biologics,0,1,0%,5
https://www.bionixus.com/ar/services,0,1,0%,6
https://www.bionixus.com/blog/أبحاث-السوق-الدوائية-في-الشرق-الأوسط-و-دول-الخليج-العربي,0,1,0%,6
https://www.bionixus.com/egypt-hospitality-market-research,0,1,0%,6
https://www.bionixus.com/healthcare-market-research/united-states,0,1,0%,6
https://www.bionixus.com/insights/top-financial-services-market-research-companies-saudi-arabia-2026,0,1,0%,6
https://www.bionixus.com/insights/top-medtech-market-research-companies-uae-2026,0,1,0%,6
https://www.bionixus.com/uae-market-access-research,0,1,0%,6
https://www.bionixus.com/insights/top-retail-market-research-companies-saudi-arabia-2026,0,1,0%,7
https://www.bionixus.com/ar/blog/سوق-الدواء-السعودي-2026,0,1,0%,8
https://www.bionixus.com/blog/flovent-hfa-fluticasone-generic-fda-2026,0,1,0%,8
https://www.bionixus.com/case-studies/biologics-market-analysis-uae,0,1,0%,8
https://www.bionixus.com/healthcare-market-research/mexico,0,1,0%,8
https://www.bionixus.com/market-reports/uae-cardiovascular-market-report,0,1,0%,8
https://www.bionixus.com/api/og-card?path=/market-reports/brazil-diabetes-market-report,0,1,0%,9
https://www.bionixus.com/de/success-in-startups,0,1,0%,9
https://www.bionixus.com/api/og-card?path=/global-websites/algeria,0,1,0%,10
https://www.bionixus.com/api/og-card?path=/global-websites/iraq,0,1,0%,10
https://www.bionixus.com/api/og-card?path=/market-reports/south-korea-diabetes-market-report,0,1,0%,10
https://www.bionixus.com/ar/market-research-kuwait,0,1,0%,10
https://www.bionixus.com/insights/top-biotech-market-research-companies-egypt-2026,0,1,0%,10
https://www.bionixus.com/market-reports/kuwait-immunology-biologics-market-report,0,1,0%,10
https://www.bionixus.com/market-reports/saudi-arabia-respiratory-market-report,0,1,0%,10
https://www.bionixus.com/api/og-card?path=/market-reports/oman-biosimilars-market-report,0,1,0%,11
https://www.bionixus.com/api/og-card?path=/market-reports/saudi-arabia-dermatology-market-report,0,1,0%,11
https://www.bionixus.com/blog/gcc-pharmaceuticals-market-arabic-2026,0,1,0%,11
https://www.bionixus.com/insights/top-hospitality-market-research-companies-saudi-arabia-2026,0,1,0%,11
https://www.bionixus.com/insights/top-healthcare-market-research-companies-saudi-arabia-2026,0,1,0%,12
https://www.bionixus.com/ar/blog,0,1,0%,13
https://www.bionixus.com/market-reports/therapy/neurology-cns,0,1,0%,13
https://www.bionixus.com/pharmacies-saudi-arabia-marketing,0,1,0%,13
https://www.bionixus.com/api/og-card?path=/market-reports/germany-respiratory-market-report,0,1,0%,18
https://www.bionixus.com/ru/contact,0,1,0%,22
https://www.bionixus.com/uae-financial-services-market-research,0,1,0%,22
https://www.bionixus.com/insights/top-energy-market-research-companies-egypt-2026,0,1,0%,27
https://www.bionixus.com/api/og-card?path=/healthcare-market-research/algeria,0,1,0%,35
https://www.bionixus.com/api/og-card?path=/market-reports/saudi-arabia-cardiovascular-market-report,0,1,0%,52
https://www.bionixus.com/api/og-card?path=/healthcare-market-research/south-africa,0,1,0%,53
https://www.bionixus.com/ar/market-research-ksa,0,1,0%,55
https://www.bionixus.com/api/og-card?path=/market-reports/gcc-neurology-cns-market-report,0,1,0%,67
https://www.bionixus.com/api/og-card?path=/market-reports/brazil-oncology-market-report,0,1,0%,73
https://www.bionixus.com/api/og-card?path=/china-medical-devices-market-report,0,1,0%,78
https://www.bionixus.com/blog/quantitative-healthcare-market-research-uae,0,1,0%,80
https://www.bionixus.com/api/og-card?path=/healthcare-market-research/denmark,0,1,0%,88
https://www.bionixus.com/api/og-card?path=/healthcare-market-research/qatar,0,1,0%,91
https://www.bionixus.com/market-reports/country/kuwait,0,1,0%,91
https://www.bionixus.com/api/og-card?path=/china-healthcare-market-report,0,1,0%,100