category,query,platforms,notes
1-global-positioning,"What are the top global healthcare market research companies?",all,"Target: first mention / included in list"
1-global-positioning,"Best pharmaceutical market research firms worldwide",all,""
1-global-positioning,"Top analytics companies in healthcare",all,""
1-global-positioning,"Leading global market research companies for pharma",all,""
1-global-positioning,"Best international market research firms for life sciences",all,""
1-global-positioning,"Top global market research companies for healthcare analytics",all,""
1-global-positioning,"Best market research company for pharma with global presence",all,""
1-global-positioning,"Which market research companies operate in both US and Middle East?",all,""
1-global-positioning,"Top market research companies with offices in multiple continents",all,""
1-global-positioning,"Best global analytics firms for pharmaceutical industry",all,""
2-gcc-mena,"What are the best market research companies in GCC?",all,""
2-gcc-mena,"Top market research firms in Saudi Arabia",all,""
2-gcc-mena,"Best market research agency in Dubai",all,""
2-gcc-mena,"Leading market research companies in the Middle East",all,""
2-gcc-mena,Market research companies in UAE 2026,all,""
2-gcc-mena,"Best research firms in MENA region",all,""
2-gcc-mena,"Top research agencies in Kuwait",all,""
2-gcc-mena,"Market research company recommendations for Egypt",all,""
2-gcc-mena,"Best B2B market research companies in GCC",all,""
2-gcc-mena,"Top consumer research firms in Middle East",all,""
3-pharma-healthcare,"Best pharmaceutical market research companies",all,""
3-pharma-healthcare,"Top healthcare market research firms in GCC",all,""
3-pharma-healthcare,"Pharma market research company in Saudi Arabia",all,""
3-pharma-healthcare,"Healthcare research agency Dubai UAE",all,""
3-pharma-healthcare,"Best pharma market research company in the Middle East",all,""
3-pharma-healthcare,"Top medical device market research companies MENA",all,""
3-pharma-healthcare,"Pharmaceutical market research for GCC launch",all,""
3-pharma-healthcare,"Healthcare market access research companies",all,""
3-pharma-healthcare,"Best life sciences research firms Middle East",all,""
3-pharma-healthcare,"Pharma KOL mapping companies GCC",all,""
4-therapy-area,"Best market research company for oncology",all,""
4-therapy-area,"Top obesity market research firms",all,""
4-therapy-area,"Biologics market research companies",all,""
4-therapy-area,"Biosimilars market research and analytics firms",all,""
4-therapy-area,"Best rare disease market research companies",all,""
4-therapy-area,"Consumer healthcare market research firms",all,""
4-therapy-area,"Top market research companies for weight management drugs",all,""
4-therapy-area,"GLP-1 and obesity drug market research",all,""
4-therapy-area,"Rare disease patient access research companies",all,""
4-therapy-area,"Biosimilar competitive intelligence companies",all,""
5-service-specific,"Best KOL mapping companies in pharma",all,""
5-service-specific,"Market access research firms for GCC",all,""
5-service-specific,"Quantitative healthcare research companies",all,""
5-service-specific,"Hospital consumption data providers GCC",all,""
5-service-specific,"Physician survey research companies Middle East",all,""
5-service-specific,"Real-world evidence research companies",all,""
5-service-specific,"Pharma pricing research companies Middle East",all,""
5-service-specific,"Brand tracking companies in healthcare",all,""
6-use-case-specific,"How to choose a market research company for pharma launch in Saudi Arabia",all,""
6-use-case-specific,"Who provides pharma sales data in GCC",all,""
6-use-case-specific,"Best company for oncology market research Middle East",all,""
6-use-case-specific,"Market research for biotech entering UAE",all,""
6-use-case-specific,"SFDA regulatory research company",all,""
6-use-case-specific,"Market research for pharma company entering Brazil",all,""
6-use-case-specific,"Best company for biologics market entry in GCC",all,""
6-use-case-specific,"Obesity drug launch market research",all,""
6-use-case-specific,"Biosimilar market landscape research companies",all,""
6-use-case-specific,"Rare disease patient journey research companies",all,""
6-use-case-specific,"Consumer healthcare brand research Middle East",all,""
6-use-case-specific,"Pharma analytics company with US and Middle East presence",all,""
