pathname,url,status,in_sitemap,word_count,thin,gap_words,title,h1,final_url
/quantitative-healthcare-market-research,https://www.bionixus.com/quantitative-healthcare-market-research,0,true,0,false,,"","",https://www.bionixus.com/quantitative-healthcare-market-research
/kantar-health-alternative-gcc,https://www.bionixus.com/kantar-health-alternative-gcc,200,true,1987,true,13,"Kantar Health Alternative in GCC & Middle East | BioNixus","Kantar Health Alternative for GCC and Middle East — BioNixus",https://www.bionixus.com/kantar-health-alternative-gcc
/pt/insights/top-empresas-pesquisa-mercado-brasil-2026,https://www.bionixus.com/pt/insights/top-empresas-pesquisa-mercado-brasil-2026,200,true,1958,true,42,"Top Empresas de Pesquisa de Mercado no Brasil (Gu | BioNixus","Top Empresas de Pesquisa de Mercado no Brasil",https://www.bionixus.com/pt/insights/top-empresas-pesquisa-mercado-brasil-2026
/healthcare-market-research-italy,https://www.bionixus.com/healthcare-market-research-italy,200,true,1947,true,53,"Healthcare Market Research Company in Italy | AIFA & SSN...","Healthcare & Pharmaceutical Market Research in Italy",https://www.bionixus.com/healthcare-market-research-italy
/es/insights/top-empresas-investigacion-mercado-argentina-2026,https://www.bionixus.com/es/insights/top-empresas-investigacion-mercado-argentina-2026,200,true,1939,true,61,"5 Mejores Empresas de Investigación de Mercado en | BioNixus","5 Mejores Empresas de Investigación de Mercado en Argentina (2026)",https://www.bionixus.com/es/insights/top-empresas-investigacion-mercado-argentina-2026
/pt/insights/top-market-research-companies-brasil-2026,https://www.bionixus.com/pt/insights/top-market-research-companies-brasil-2026,200,true,1938,true,62,"5 Melhores Empresas de Pesquisa de Mercado no Bra | BioNixus","5 Melhores Empresas de Pesquisa de Mercado no Brasil (2026)",https://www.bionixus.com/pt/insights/top-market-research-companies-brasil-2026
/healthcare-market-research-new-zealand,https://www.bionixus.com/healthcare-market-research-new-zealand,200,true,1930,true,70,"Healthcare Market Research Company in New Zealand | Medsafe","Healthcare & Pharmaceutical Market Research in New Zealand",https://www.bionixus.com/healthcare-market-research-new-zealand
/brazil-pharmaceutical-market-research,https://www.bionixus.com/brazil-pharmaceutical-market-research,200,true,1929,true,71,"Pharmaceutical Market Research Company in Brazil | ANVISA,.","Pharmaceutical Market Research Company in Brazil",https://www.bionixus.com/brazil-pharmaceutical-market-research
/bionixus-vs-iqvia-mena,https://www.bionixus.com/bionixus-vs-iqvia-mena,200,true,1914,true,86,"BioNixus vs IQVIA MENA Research (2026) | BioNixus","BioNixus vs IQVIA for MENA Healthcare Research: Direct Comparison 2026",https://www.bionixus.com/bionixus-vs-iqvia-mena
/healthcare-market-research-china,https://www.bionixus.com/healthcare-market-research-china,200,true,1903,true,97,"Healthcare Market Research Company in China | NMPA & NHSA...","Healthcare & Pharmaceutical Market Research in China",https://www.bionixus.com/healthcare-market-research-china
/ar/insights/top-market-research-companies-qatar-2026,https://www.bionixus.com/ar/insights/top-market-research-companies-qatar-2026,200,true,1887,true,113,"أفضل شركات أبحاث السوق في قطر (دليل 2026) | بيونيكسوس","أفضل شركات أبحاث السوق في قطر (دليل 2026)",https://www.bionixus.com/ar/insights/top-market-research-companies-qatar-2026
/pharmaceutical-market-research-dubai,https://www.bionixus.com/pharmaceutical-market-research-dubai,200,true,1858,true,142,"Healthcare Market Research Dubai | Pharma Fieldwork UAE | BioNixus","Pharmaceutical Market Research Companies in Dubai — BioNixus UAE",https://www.bionixus.com/pharmaceutical-market-research-dubai
/healthcare-market-research-south-korea,https://www.bionixus.com/healthcare-market-research-south-korea,200,true,1840,true,160,"Healthcare Market Research Company in South Korea | MFDS &.","Healthcare & Pharmaceutical Market Research in South Korea",https://www.bionixus.com/healthcare-market-research-south-korea
/healthcare-market-research-japan,https://www.bionixus.com/healthcare-market-research-japan,200,true,1798,true,202,"Healthcare Market Research Company in Japan | PMDA, MHLW &.","Healthcare & Pharmaceutical Market Research in Japan",https://www.bionixus.com/healthcare-market-research-japan
/healthcare-market-research-switzerland,https://www.bionixus.com/healthcare-market-research-switzerland,200,true,1759,true,241,"Healthcare Market Research Switzerland | BioNixus","Healthcare Market Research Company in Switzerland",https://www.bionixus.com/healthcare-market-research-switzerland
/ar/insights/top-market-research-companies-kuwait-2026,https://www.bionixus.com/ar/insights/top-market-research-companies-kuwait-2026,200,true,1752,true,248,"أفضل شركات أبحاث السوق في الكويت (دليل 2026) | بيونيكسوس","أفضل شركات أبحاث السوق في الكويت (دليل 2026)",https://www.bionixus.com/ar/insights/top-market-research-companies-kuwait-2026
/gcc-market-access-guide,https://www.bionixus.com/gcc-market-access-guide,200,true,1728,true,272,"GCC Pharmaceutical Market Access Guide 2026 | SFD | BioNixus","GCC pharmaceutical market access guide 2026 — registration, pricing, and reimbursement",https://www.bionixus.com/gcc-market-access-guide
/clinical-diagnostics-market-research,https://www.bionixus.com/clinical-diagnostics-market-research,200,true,1703,true,297,"Clinical Diagnostics Market Research | QC & Immunohematolog","Clinical Diagnostics Market Assessment",https://www.bionixus.com/clinical-diagnostics-market-research
/healthcare-market-research-singapore,https://www.bionixus.com/healthcare-market-research-singapore,200,true,1686,true,314,"Healthcare Market Research Company in Singapore | ACE & HSA","Healthcare & Pharmaceutical Market Research in Singapore",https://www.bionixus.com/healthcare-market-research-singapore
/healthcare-market-research-denmark,https://www.bionixus.com/healthcare-market-research-denmark,200,true,1664,true,336,"Healthcare Market Research Company in Denmark | DKMA &...","Healthcare & Pharmaceutical Market Research in Denmark",https://www.bionixus.com/healthcare-market-research-denmark
/healthcare-market-research-malaysia,https://www.bionixus.com/healthcare-market-research-malaysia,200,true,1660,true,340,"Healthcare Market Research Company in Malaysia | NPRA &...","Healthcare & Pharmaceutical Market Research in Malaysia",https://www.bionixus.com/healthcare-market-research-malaysia
/pharmacies-saudi-arabia-marketing,https://www.bionixus.com/pharmacies-saudi-arabia-marketing,200,true,1658,true,342,"Pharmacy Market Research Saudi Arabia: Boost Retail Sales 4","Market Research & Marketing Automation for Pharmacies in Saudi Arabia",https://www.bionixus.com/pharmacies-saudi-arabia-marketing
/gcc-pharmaceutical-market-research,https://www.bionixus.com/gcc-pharmaceutical-market-research,200,true,1656,true,344,"GCC Biologics & Generic Injectables Market 2026 | BioNixus","GCC Biologics & Generic Injectables Market Research 2026 — Precision Medicine & Drug Repurposing",https://www.bionixus.com/gcc-pharmaceutical-market-research
/healthcare-market-research-australia,https://www.bionixus.com/healthcare-market-research-australia,200,true,1656,true,344,"Healthcare Market Research Company in Australia | TGA & PBA","Healthcare & Pharmaceutical Market Research in Australia",https://www.bionixus.com/healthcare-market-research-australia
/healthcare-market-research-poland,https://www.bionixus.com/healthcare-market-research-poland,200,true,1624,true,376,"Healthcare Market Research Company in Poland | AOTMiT & URP","Healthcare & Pharmaceutical Market Research in Poland",https://www.bionixus.com/healthcare-market-research-poland
/healthcare-market-research-turkey,https://www.bionixus.com/healthcare-market-research-turkey,200,true,1620,true,380,"Healthcare Market Research Company in Turkey | TİTCK & SGK.","Healthcare & Pharmaceutical Market Research in Turkey",https://www.bionixus.com/healthcare-market-research-turkey
/ar/insights/top-sharaket-abhath-sihha-alsaudia-2026,https://www.bionixus.com/ar/insights/top-sharaket-abhath-sihha-alsaudia-2026,200,true,1592,true,408,"أفضل شركات أبحاث سوق الرعاية الصحية في المملكة العربية السعودية (2026) | بيونيكسس","أفضل شركات أبحاث سوق الرعاية الصحية في المملكة العربية السعودية (دليل 2026)",https://www.bionixus.com/ar/insights/top-sharaket-abhath-sihha-alsaudia-2026
/healthcare-market-research-canada,https://www.bionixus.com/healthcare-market-research-canada,200,true,1575,true,425,"Healthcare Market Research Company in Canada | CADTH & Heal","Healthcare & Pharmaceutical Market Research in Canada",https://www.bionixus.com/healthcare-market-research-canada
/client-reviews,https://www.bionixus.com/client-reviews,200,true,1574,true,426,"Client Reviews | BioNixus Pharmaceutical Market Research","Recommended by more than 40 happy clients",https://www.bionixus.com/client-reviews
/egypt-pharmaceutical-market-research,https://www.bionixus.com/egypt-pharmaceutical-market-research,200,true,1564,true,436,"Healthcare Market Research Company in Egypt | EDA & MENA...","Healthcare & Pharmaceutical Market Research Company in Egypt",https://www.bionixus.com/egypt-pharmaceutical-market-research
/healthcare-market-research-spain,https://www.bionixus.com/healthcare-market-research-spain,200,true,1549,true,451,"Healthcare Market Research Company in Spain | AEMPS & SNS...","Healthcare Market Research Company in Spain",https://www.bionixus.com/healthcare-market-research-spain
/uae-pharmaceutical-market-research,https://www.bionixus.com/uae-pharmaceutical-market-research,200,true,1545,true,455,"Healthcare Market Research Company in UAE | DHA, DOH & MOHA","Healthcare & Pharmaceutical Market Research Company in UAE",https://www.bionixus.com/uae-pharmaceutical-market-research
/healthcare-market-research-usa,https://www.bionixus.com/healthcare-market-research-usa,200,true,1529,true,471,"Healthcare Market Research Company in USA | IRB-Compliant H","Healthcare & Pharmaceutical Market Research in the USA",https://www.bionixus.com/healthcare-market-research-usa
/ar/insights/top-sharaket-abhath-alsuq-alsaudia-2026,https://www.bionixus.com/ar/insights/top-sharaket-abhath-alsuq-alsaudia-2026,200,true,1525,true,475,"أفضل شركات أبحاث السوق في المملكة العربية السعودية (دليل 2026) | بيونيكسس","أفضل شركات أبحاث السوق في المملكة العربية السعودية (دليل 2026)",https://www.bionixus.com/ar/insights/top-sharaket-abhath-alsuq-alsaudia-2026
/services,https://www.bionixus.com/services,200,true,1521,true,479,"Global Market Research Services | Pharma, Healthcare &...","Market research services for pharma, healthcare, and commercial industries",https://www.bionixus.com/services
/healthcare-market-research-france,https://www.bionixus.com/healthcare-market-research-france,200,true,1492,true,508,"Healthcare Market Research Company in France | HAS &...","Healthcare Market Research Company in France",https://www.bionixus.com/healthcare-market-research-france
/healthcare-market-research-germany,https://www.bionixus.com/healthcare-market-research-germany,200,true,1428,true,572,"Healthcare Market Research Germany | BioNixus","Healthcare Market Research Company in Germany",https://www.bionixus.com/healthcare-market-research-germany
/bionixus-industries,https://www.bionixus.com/bionixus-industries,200,true,1376,true,624,"Market Research Across Industries | BioNixus","One research firm guiding every industry we serve",https://www.bionixus.com/bionixus-industries
/bionixus-industries/insights,https://www.bionixus.com/bionixus-industries/insights,200,true,1376,true,624,"Market Research Across Industries | BioNixus","One research firm guiding every industry we serve",https://www.bionixus.com/bionixus-industries
/biosimilar-market-entry-saudi-arabia,https://www.bionixus.com/biosimilar-market-entry-saudi-arabia,200,true,1376,true,624,"Biosimilar Entry Saudi Arabia (2026) | BioNixus","Biosimilar Market Entry in Saudi Arabia: 2026 Strategy Guide",https://www.bionixus.com/biosimilar-market-entry-saudi-arabia
/pt/methodology,https://www.bionixus.com/pt/methodology,200,true,1318,true,682,"Metodologia de pesquisa de mercado em saúde | BioNixus","Metodologia de pesquisa de mercado em saúde",https://www.bionixus.com/pt/methodology
/gcc-generic-injectables-market,https://www.bionixus.com/gcc-generic-injectables-market,200,true,1313,true,687,"GCC Generic Injectables Market Research & Intelli | BioNixus","GCC Generic Injectables Market: Research & Commercial Intelligence",https://www.bionixus.com/gcc-generic-injectables-market
/nf1-pharma-market-research,https://www.bionixus.com/nf1-pharma-market-research,200,true,1308,true,692,"NF1 Pharma Market Research Services | Competitive...","NF1 Pharma Market Research & Competitive Intelligence Services",https://www.bionixus.com/nf1-pharma-market-research
/pt/pesquisa-mercado-farmaceutico-brasil,https://www.bionixus.com/pt/pesquisa-mercado-farmaceutico-brasil,200,true,1295,true,705,"Empresa de Pesquisa de Mercado Farmacêutico no Br | BioNixus","Empresa de Pesquisa de Mercado Farmacêutico no Brasil",https://www.bionixus.com/pt/pesquisa-mercado-farmaceutico-brasil
/pt/pesquisa-mercado-saude-brasil,https://www.bionixus.com/pt/pesquisa-mercado-saude-brasil,200,true,1290,true,710,"Empresa de Pesquisa de Mercado de Saúde no Brasil | BioNixus","Empresa de Pesquisa de Mercado de Saúde no Brasil",https://www.bionixus.com/pt/pesquisa-mercado-saude-brasil
/ru/methodology,https://www.bionixus.com/ru/methodology,200,true,1288,true,712,"Методология исследований рынка здравоохранения | BioNixus","Методология исследований рынка здравоохранения",https://www.bionixus.com/ru/methodology
/home-staging,https://www.bionixus.com/home-staging,200,true,1286,true,714,"BioNixus | Pharma Market Research — Europe, Middle East & Africa","Research that shapes pharma strategy",https://www.bionixus.com/home-staging
/premium-home-page,https://www.bionixus.com/premium-home-page,200,true,1286,true,714,"BioNixus | Pharma Market Research — Europe, Middle East & Africa","Research that shapes pharma strategy",https://www.bionixus.com/premium-home-page
/gcc-pharmacy-market,https://www.bionixus.com/gcc-pharmacy-market,200,true,1228,true,772,"GCC Pharmacy Market Research — Retail, E-Pharmacy & Communi","GCC Pharmacy Market: Retail, E-Pharmacy & Community Intelligence",https://www.bionixus.com/gcc-pharmacy-market
/pharmaceutical-therapy-areas,https://www.bionixus.com/pharmaceutical-therapy-areas,200,true,1212,true,788,"Pharmaceutical Therapy Areas Market Research | 12 | BioNixus","Pharmaceutical Therapy Areas Market Research Across MENA, UK, and Europe",https://www.bionixus.com/pharmaceutical-therapy-areas
/gcc-clinical-trials-market,https://www.bionixus.com/gcc-clinical-trials-market,200,true,1195,true,805,"GCC Clinical Trials Market — Site Feasibility & Landscape...","GCC Clinical Trials Market: Feasibility & Landscape Intelligence",https://www.bionixus.com/gcc-clinical-trials-market
/fr/about,https://www.bionixus.com/fr/about,200,true,1193,true,807,"À propos de BioNixus | Recherche marché mondiale fondée sur","Recherche marché mondiale — fondée sur le pharma, l’industrie la plus réglementée que nous servons, et étendue à l’ensemble des secteurs",https://www.bionixus.com/fr/about
/market-research-in-uae,https://www.bionixus.com/market-research-in-uae,200,true,1190,true,810,"Market Research in UAE | Healthcare & Pharma Market Researc","Market Research in the UAE",https://www.bionixus.com/market-research-uae
/market-research-uae,https://www.bionixus.com/market-research-uae,200,true,1190,true,810,"Market Research in UAE | Healthcare & Pharma Market Researc","Market Research in the UAE",https://www.bionixus.com/market-research-uae
/es/about,https://www.bionixus.com/es/about,200,true,1175,true,825,"Sobre BioNixus | Investigación de mercado global basada en.","Investigación de mercado global — construida sobre pharma, la industria más regulada que servimos, y ampliada para ser de confianza en todas las industrias",https://www.bionixus.com/es/about
/gcc-personalized-medicine-market,https://www.bionixus.com/gcc-personalized-medicine-market,200,true,1171,true,829,"GCC Personalized Medicine Market — Genomics & Precision...","GCC Personalized Medicine Market: Genomics & Precision Intelligence",https://www.bionixus.com/gcc-personalized-medicine-market
/ar/about,https://www.bionixus.com/ar/about,200,true,1165,true,835,"عن BioNixus | أبحاث سوق عالمية مبنية على قطاع الأدوية المنظم","أبحاث سوق عالمية — مبنية على قطاع الأدوية، أكثر القطاعات تنظيمًا الذي نخدمه، وتوسّعت لتُوثَق عبر الصناعات",https://www.bionixus.com/ar/about
/de/about,https://www.bionixus.com/de/about,200,true,1162,true,838,"Über BioNixus | Globale Marktforschung auf reguliertem...","Globale Marktforschung — auf pharmazeutischer Forschung aufgebaut, der am stärksten regulierten Branche, die wir bedienen, und über Branchen hinweg ausgeweitet",https://www.bionixus.com/de/about
/pt/about,https://www.bionixus.com/pt/about,200,true,1162,true,838,"Sobre a BioNixus | Pesquisa de mercado global fundada em...","Pesquisa de mercado global — construída sobre pharma, a indústria mais regulada que servimos, e expandida para ser confiável em todas as indústrias",https://www.bionixus.com/pt/about
/gcc-biopharmaceuticals-market,https://www.bionixus.com/gcc-biopharmaceuticals-market,200,true,1131,true,869,"GCC Biopharmaceuticals Market — Biologics & Localization...","GCC Biopharmaceuticals Market: Biologics & Localization Intelligence",https://www.bionixus.com/gcc-biopharmaceuticals-market
/services/market-access,https://www.bionixus.com/services/market-access,200,true,1118,true,882,"Market Access Consulting | HTA EMEA & GCC Pricing | BioNixus","Market Access Consulting | HTA EMEA & GCC Pricing",https://www.bionixus.com/services/market-access
/ar/abhath-suq-adwiyah-saudi-arabia,https://www.bionixus.com/ar/abhath-suq-adwiyah-saudi-arabia,200,true,1094,true,906,"أبحاث سوق الأدوية في المملكة العربية السعودية | بيونيكسس","أبحاث سوق الأدوية في المملكة العربية السعودية",https://www.bionixus.com/ar/abhath-suq-adwiyah-saudi-arabia
/kol-mapping-saudi-arabia-oncology,https://www.bionixus.com/kol-mapping-saudi-arabia-oncology,200,true,1092,true,908,"KOL Mapping for Oncology in Saudi Arabia | BioNixus MENA Research","KOL Mapping for Oncology in Saudi Arabia: Methodology, Data, and Engagement Strategy",https://www.bionixus.com/kol-mapping-saudi-arabia-oncology
/sfda-market-access-strategy-saudi-arabia,https://www.bionixus.com/sfda-market-access-strategy-saudi-arabia,200,true,1069,true,931,"SFDA Market Access Strategy KSA | BioNixus","SFDA Market Access Strategy in Saudi Arabia: 2026 Complete Guide",https://www.bionixus.com/sfda-market-access-strategy-saudi-arabia
/ar/methodology,https://www.bionixus.com/ar/methodology,200,true,1051,true,949,"منهجية أبحاث السوق الصحي | BioNixus","منهجية أبحاث السوق الصحي والدوائي",https://www.bionixus.com/ar/methodology
/global-websites/united-arab-emirates,https://www.bionixus.com/global-websites/united-arab-emirates,200,true,1051,true,949,"UAE Pharmaceutical Go-to-Market Blueprint | Dubai | BioNixus","UAE Pharmaceutical Go-to-Market Blueprint",https://www.bionixus.com/global-websites/united-arab-emirates
/ru/about,https://www.bionixus.com/ru/about,200,true,1021,true,979,"О BioNixus | Глобальные исследования рынка на основе...","Глобальные исследования рынка — построенные на pharma, наиболее регулируемой отрасли, которую мы обслуживаем, и расширенные на доверие во всех индустриях",https://www.bionixus.com/ru/about
/services/clinical-trial-support,https://www.bionixus.com/services/clinical-trial-support,200,true,1004,true,996,"Clinical Trial Support | Site Identification EMEA — BioNixus","Clinical Trial Support",https://www.bionixus.com/services/clinical-trial-support
/real-world-evidence,https://www.bionixus.com/real-world-evidence,200,true,1000,true,1000,"Real World Evidence (RWE) for Pharma | BioNixus EMEA & MENA","Real World Evidence (RWE) for Pharmaceutical and Biotech Teams",https://www.bionixus.com/real-world-evidence
/physician-survey-saudi-arabia,https://www.bionixus.com/physician-survey-saudi-arabia,200,true,964,true,1036,"Saudi Physician Surveys (2026) | BioNixus","How to Conduct Physician Surveys in Saudi Arabia: A Complete Guide for Pharma Teams",https://www.bionixus.com/physician-survey-saudi-arabia
/de/methodology,https://www.bionixus.com/de/methodology,200,true,955,true,1045,"Methodik der Gesundheitsmarktforschung | BioNixus","Methodik der Gesundheitsmarktforschung",https://www.bionixus.com/de/methodology
/services/quantitative-research,https://www.bionixus.com/services/quantitative-research,200,true,953,true,1047,"Quantitative Healthcare Research | Physician Surveys EMEA","Quantitative Healthcare Research & Physician Surveys",https://www.bionixus.com/services/quantitative-research
/services/competitive-intelligence,https://www.bionixus.com/services/competitive-intelligence,200,true,946,true,1054,"Pharmaceutical Competitive Intelligence | Pipeline Analysis","Competitive Intelligence",https://www.bionixus.com/services/competitive-intelligence
/fr/healthcare-market-research,https://www.bionixus.com/fr/healthcare-market-research,200,true,938,true,1062,"Recherche de marché santé et pharma | Europe et M | BioNixus","Recherche de marché santé et pharmaceutique pour l&#x27;Europe et le Moyen-Orient",https://www.bionixus.com/fr/healthcare-market-research
/services/qualitative-research,https://www.bionixus.com/services/qualitative-research,200,true,930,true,1070,"Qualitative Pharma Research | KOL Interviews EMEA — BioNixus","Qualitative Pharmaceutical Research & Expert Insights",https://www.bionixus.com/services/qualitative-research
/market-research-ksa,https://www.bionixus.com/market-research-ksa,200,true,928,true,1072,"Market Research KSA | Pharma & Healthcare Intelli | BioNixus","Market Research KSA",https://www.bionixus.com/market-research-ksa
/fr/methodology,https://www.bionixus.com/fr/methodology,200,true,925,true,1075,"Méthodologie des études de marché santé | BioNixus","Méthodologie des études de marché santé",https://www.bionixus.com/fr/methodology
/services/kol-stakeholder-mapping,https://www.bionixus.com/services/kol-stakeholder-mapping,200,true,895,true,1105,"KOL Mapping & Stakeholder Engagement | EMEA — BioNixus","KOL & Stakeholder Mapping",https://www.bionixus.com/services/kol-stakeholder-mapping
/mena-pharma-market-data,https://www.bionixus.com/mena-pharma-market-data,200,true,878,true,1122,"MENA Pharmaceutical Market Data 2026 | Statistics | BioNixus","MENA Pharmaceutical Market Data 2026",https://www.bionixus.com/mena-pharma-market-data
/desmoid-tumor-pharma-market-research,https://www.bionixus.com/desmoid-tumor-pharma-market-research,200,true,861,true,1139,"Desmoid Tumour Pharma Market Research Services | Ogsiveo...","Desmoid Tumour Pharma Market Research & Competitive Intelligence Services",https://www.bionixus.com/desmoid-tumor-pharma-market-research
/saudi-arabia-financial-services-market-research,https://www.bionixus.com/saudi-arabia-financial-services-market-research,200,true,855,true,1145,"Financial Services Market Research Company in Saudi Arabia.","Financial Services & Banking market research company in Saudi Arabia",https://www.bionixus.com/saudi-arabia-financial-services-market-research
/saudi-arabia-public-sector-market-research,https://www.bionixus.com/saudi-arabia-public-sector-market-research,200,true,853,true,1147,"Public Sector Market Research Company in Saudi Arabia (2026","Public Sector & Government market research company in Saudi Arabia",https://www.bionixus.com/saudi-arabia-public-sector-market-research
/saudi-arabia-real-estate-market-research,https://www.bionixus.com/saudi-arabia-real-estate-market-research,200,true,847,true,1153,"Real Estate Market Research Company in Saudi Arabia (2026)","Real Estate & Construction market research company in Saudi Arabia",https://www.bionixus.com/saudi-arabia-real-estate-market-research
/saudi-arabia-fmcg-market-research,https://www.bionixus.com/saudi-arabia-fmcg-market-research,200,true,836,true,1164,"FMCG Market Research Company in Saudi Arabia (2026) |...","FMCG & Consumer Goods market research company in Saudi Arabia",https://www.bionixus.com/saudi-arabia-fmcg-market-research
/market-research-saudi,https://www.bionixus.com/market-research-saudi,200,true,834,true,1166,"Market Research Saudi | Healthcare & Pharma Servi | BioNixus","Market Research Saudi",https://www.bionixus.com/market-research-saudi
/saudi-arabia-technology-market-research,https://www.bionixus.com/saudi-arabia-technology-market-research,200,true,833,true,1167,"Technology Market Research Company in Saudi Arabia (2026)","Technology & B2B Software market research company in Saudi Arabia",https://www.bionixus.com/saudi-arabia-technology-market-research
/saudi-arabia-telecom-market-research,https://www.bionixus.com/saudi-arabia-telecom-market-research,200,true,833,true,1167,"Telecom Market Research Company in Saudi Arabia (2026) |...","Telecom & Connectivity market research company in Saudi Arabia",https://www.bionixus.com/saudi-arabia-telecom-market-research
/saudi-arabia-energy-market-research,https://www.bionixus.com/saudi-arabia-energy-market-research,200,true,825,true,1175,"Energy Market Research Company in Saudi Arabia (2026) |...","Energy & Industrials market research company in Saudi Arabia",https://www.bionixus.com/saudi-arabia-energy-market-research
/saudi-arabia-retail-market-research,https://www.bionixus.com/saudi-arabia-retail-market-research,200,true,825,true,1175,"Retail Market Research Company in Saudi Arabia (2026) |...","Retail & Shopper market research company in Saudi Arabia",https://www.bionixus.com/saudi-arabia-retail-market-research
/uae-financial-services-market-research,https://www.bionixus.com/uae-financial-services-market-research,200,true,825,true,1175,"Financial Services Market Research Company in UAE (2026) |.","Financial Services & Banking market research company in UAE",https://www.bionixus.com/uae-financial-services-market-research
/saudi-arabia-media-market-research,https://www.bionixus.com/saudi-arabia-media-market-research,200,true,823,true,1177,"Media Market Research Company in Saudi Arabia (2026) |...","Media & Entertainment market research company in Saudi Arabia",https://www.bionixus.com/saudi-arabia-media-market-research
/saudi-arabia-hospitality-market-research,https://www.bionixus.com/saudi-arabia-hospitality-market-research,200,true,821,true,1179,"Hospitality Market Research Company in Saudi Arabia (2026)","Hospitality & Tourism market research company in Saudi Arabia",https://www.bionixus.com/saudi-arabia-hospitality-market-research
/saudi-arabia-automotive-market-research,https://www.bionixus.com/saudi-arabia-automotive-market-research,200,true,820,true,1180,"Automotive Market Research Company in Saudi Arabia (2026)","Automotive market research company in Saudi Arabia",https://www.bionixus.com/saudi-arabia-automotive-market-research
/uae-real-estate-market-research,https://www.bionixus.com/uae-real-estate-market-research,200,true,818,true,1182,"Real Estate Market Research Company in UAE (2026) | Fieldwo","Real Estate & Construction market research company in UAE",https://www.bionixus.com/uae-real-estate-market-research
/uae-public-sector-market-research,https://www.bionixus.com/uae-public-sector-market-research,200,true,815,true,1185,"Public Sector Market Research Company in UAE (2026) |...","Public Sector & Government market research company in UAE",https://www.bionixus.com/uae-public-sector-market-research
/egypt-real-estate-market-research,https://www.bionixus.com/egypt-real-estate-market-research,200,true,814,true,1186,"Real Estate Market Research Company in Egypt (2026) |...","Real Estate & Construction market research company in Egypt",https://www.bionixus.com/egypt-real-estate-market-research
/saudi-arabia-education-market-research,https://www.bionixus.com/saudi-arabia-education-market-research,200,true,814,true,1186,"Education Market Research Company in Saudi Arabia (2026) |.","Education market research company in Saudi Arabia",https://www.bionixus.com/saudi-arabia-education-market-research
/egypt-public-sector-market-research,https://www.bionixus.com/egypt-public-sector-market-research,200,true,811,true,1189,"Public Sector Market Research Company in Egypt (2026) |...","Public Sector & Government market research company in Egypt",https://www.bionixus.com/egypt-public-sector-market-research
/egypt-fmcg-market-research,https://www.bionixus.com/egypt-fmcg-market-research,200,true,801,true,1199,"FMCG Market Research Company in Egypt (2026) | Fieldwork &.","FMCG & Consumer Goods market research company in Egypt",https://www.bionixus.com/egypt-fmcg-market-research
/egypt-technology-market-research,https://www.bionixus.com/egypt-technology-market-research,200,true,801,true,1199,"Technology Market Research Company in Egypt (2026) |...","Technology & B2B Software market research company in Egypt",https://www.bionixus.com/egypt-technology-market-research
/uae-fmcg-market-research,https://www.bionixus.com/uae-fmcg-market-research,200,true,799,true,1201,"FMCG Market Research Company in UAE (2026) | Fieldwork &...","FMCG & Consumer Goods market research company in UAE",https://www.bionixus.com/uae-fmcg-market-research
/uae-retail-market-research,https://www.bionixus.com/uae-retail-market-research,200,true,797,true,1203,"Retail Market Research Company in UAE (2026) | Fieldwork &.","Retail & Shopper market research company in UAE",https://www.bionixus.com/uae-retail-market-research
/uae-technology-market-research,https://www.bionixus.com/uae-technology-market-research,200,true,797,true,1203,"Technology Market Research Company in UAE (2026) | Fieldwor","Technology & B2B Software market research company in UAE",https://www.bionixus.com/uae-technology-market-research
/uae-energy-market-research,https://www.bionixus.com/uae-energy-market-research,200,true,796,true,1204,"Energy Market Research Company in UAE (2026) | Fieldwork &.","Energy & Industrials market research company in UAE",https://www.bionixus.com/uae-energy-market-research
/egypt-retail-market-research,https://www.bionixus.com/egypt-retail-market-research,200,true,795,true,1205,"Retail Market Research Company in Egypt (2026) | Fieldwork","Retail & Shopper market research company in Egypt",https://www.bionixus.com/egypt-retail-market-research
/egypt-hospitality-market-research,https://www.bionixus.com/egypt-hospitality-market-research,200,true,793,true,1207,"Hospitality Market Research Company in Egypt (2026) |...","Hospitality & Tourism market research company in Egypt",https://www.bionixus.com/egypt-hospitality-market-research
/uae-telecom-market-research,https://www.bionixus.com/uae-telecom-market-research,200,true,792,true,1208,"Telecom Market Research Company in UAE (2026) | Fieldwork &","Telecom & Connectivity market research company in UAE",https://www.bionixus.com/uae-telecom-market-research
/egypt-telecom-market-research,https://www.bionixus.com/egypt-telecom-market-research,200,true,790,true,1210,"Telecom Market Research Company in Egypt (2026) | Fieldwork","Telecom & Connectivity market research company in Egypt",https://www.bionixus.com/egypt-telecom-market-research
/uae-hospitality-market-research,https://www.bionixus.com/uae-hospitality-market-research,200,true,786,true,1214,"Hospitality Market Research Company in UAE (2026) | Fieldwo","Hospitality & Tourism market research company in UAE",https://www.bionixus.com/uae-hospitality-market-research
/egypt-energy-market-research,https://www.bionixus.com/egypt-energy-market-research,200,true,785,true,1215,"Energy Market Research Company in Egypt (2026) | Fieldwork","Energy & Industrials market research company in Egypt",https://www.bionixus.com/egypt-energy-market-research
/uae-automotive-market-research,https://www.bionixus.com/uae-automotive-market-research,200,true,785,true,1215,"Automotive Market Research Company in UAE (2026) | Fieldwor","Automotive market research company in UAE",https://www.bionixus.com/uae-automotive-market-research
/egypt-media-market-research,https://www.bionixus.com/egypt-media-market-research,200,true,783,true,1217,"Media Market Research Company in Egypt (2026) | Fieldwork &","Media & Entertainment market research company in Egypt",https://www.bionixus.com/egypt-media-market-research
/uae-education-market-research,https://www.bionixus.com/uae-education-market-research,200,true,782,true,1218,"Education Market Research Company in UAE (2026) | Fieldwork","Education market research company in UAE",https://www.bionixus.com/uae-education-market-research
/uae-media-market-research,https://www.bionixus.com/uae-media-market-research,200,true,781,true,1219,"Media Market Research Company in UAE (2026) | Fieldwork &...","Media & Entertainment market research company in UAE",https://www.bionixus.com/uae-media-market-research
/egypt-automotive-market-research,https://www.bionixus.com/egypt-automotive-market-research,200,true,779,true,1221,"Automotive Market Research Company in Egypt (2026) |...","Automotive market research company in Egypt",https://www.bionixus.com/egypt-automotive-market-research
/egypt-education-market-research,https://www.bionixus.com/egypt-education-market-research,200,true,778,true,1222,"Education Market Research Company in Egypt (2026) | Fieldwo","Education market research company in Egypt",https://www.bionixus.com/egypt-education-market-research
/market-research-healthcare,https://www.bionixus.com/market-research-healthcare,200,true,746,true,1254,"Healthcare Market Research in Europe & the Middle | BioNixus","Healthcare market research for pharmaceutical decisions in Europe and the Middle East",https://www.bionixus.com/market-research-healthcare
/pt/market-research-healthcare,https://www.bionixus.com/pt/market-research-healthcare,200,true,746,true,1254,"Healthcare Market Research in Europe & the Middle | BioNixus","Healthcare market research for pharmaceutical decisions in Europe and the Middle East",https://www.bionixus.com/pt/market-research-healthcare
/ru/market-research-healthcare,https://www.bionixus.com/ru/market-research-healthcare,200,true,746,true,1254,"Healthcare Market Research in Europe & the Middle | BioNixus","Healthcare market research for pharmaceutical decisions in Europe and the Middle East",https://www.bionixus.com/ru/market-research-healthcare
/global-websites/egypt,https://www.bionixus.com/global-websites/egypt,200,true,706,true,1294,"Egypt Pharmaceutical Market Research | MOH, HCV E | BioNixus","Pharmaceutical Market Research in Egypt",https://www.bionixus.com/global-websites/egypt
/global-websites/kuwait,https://www.bionixus.com/global-websites/kuwait,200,true,701,true,1299,"Kuwait Pharmaceutical Market Research | MOH, KFDA | BioNixus","Pharmaceutical Market Research in Kuwait",https://www.bionixus.com/global-websites/kuwait
/ar/contacts,https://www.bionixus.com/ar/contacts,200,true,698,true,1302,"تواصل مع BioNixus | أبحاث السوق الصحي والدوائي","لنتواصل",https://www.bionixus.com/ar/contacts
/market-research-egypt,https://www.bionixus.com/market-research-egypt,200,true,697,true,1303,"Market Research Egypt | Pharma & Healthcare Intelligence |.","Market Research Egypt",https://www.bionixus.com/market-research-egypt
/global-websites/saudi-arabia,https://www.bionixus.com/global-websites/saudi-arabia,200,true,694,true,1306,"Saudi Arabia Pharma Market Entry Blueprint | SFDA | BioNixus","Saudi Arabia Pharmaceutical Market Entry Blueprint",https://www.bionixus.com/global-websites/saudi-arabia
/fr/healthcare-market-research/france,https://www.bionixus.com/fr/healthcare-market-research/france,200,true,686,true,1314,"Études de marché pharmaceutique France | HAS et A | BioNixus","Études de marché pharmaceutique en France",https://www.bionixus.com/fr/healthcare-market-research/france
/market-research-kuwait,https://www.bionixus.com/market-research-kuwait,200,true,686,true,1314,"Market Research Kuwait | Pharma & Healthcare Rese | BioNixus","Market Research Kuwait",https://www.bionixus.com/market-research-kuwait
/es/methodology,https://www.bionixus.com/es/methodology,200,true,668,true,1332,"Metodología de investigación de mercado sanitario | BioNixus","Metodología de investigación de mercado sanitario",https://www.bionixus.com/es/methodology
/global-websites/qatar,https://www.bionixus.com/global-websites/qatar,200,true,657,true,1343,"Qatar Pharmaceutical Market Research | Public and | BioNixus","Pharmaceutical Market Research in Qatar",https://www.bionixus.com/global-websites/qatar
/global-websites/united-states,https://www.bionixus.com/global-websites/united-states,200,true,633,true,1367,"US Pharmaceutical Market Research | Physician Sur | BioNixus","Pharmaceutical Market Research in the United States",https://www.bionixus.com/global-websites/united-states
/global-websites/bahrain,https://www.bionixus.com/global-websites/bahrain,200,true,629,true,1371,"Bahrain Pharmaceutical Market Research | Public a | BioNixus","Pharmaceutical Market Research in Bahrain",https://www.bionixus.com/global-websites/bahrain
/global-websites/oman,https://www.bionixus.com/global-websites/oman,200,true,627,true,1373,"Oman Pharmaceutical Market Research | Public and | BioNixus","Pharmaceutical Market Research in Oman",https://www.bionixus.com/global-websites/oman
/uae-market-access-research,https://www.bionixus.com/uae-market-access-research,200,true,627,true,1373,"Market Access Research UAE | BioNixus","Market Access Research UAE",https://www.bionixus.com/uae-market-access-research
/saudi-payer-market-access-research,https://www.bionixus.com/saudi-payer-market-access-research,200,true,620,true,1380,"Saudi Payer Market Access Research | BioNixus","Saudi Payer Market Access Research",https://www.bionixus.com/saudi-payer-market-access-research
/budget-impact-model-saudi-arabia,https://www.bionixus.com/budget-impact-model-saudi-arabia,200,true,617,true,1383,"Budget Impact Model Saudi Arabia | BioNixus","Budget Impact Model Saudi Arabia",https://www.bionixus.com/budget-impact-model-saudi-arabia
/global-websites/united-kingdom,https://www.bionixus.com/global-websites/united-kingdom,200,true,617,true,1383,"UK Pharmaceutical Market Research | NHS, NICE and | BioNixus","Pharmaceutical Market Research in the United Kingdom",https://www.bionixus.com/global-websites/united-kingdom
/gcc-hcp-recruitment-market-research,https://www.bionixus.com/gcc-hcp-recruitment-market-research,200,true,608,true,1392,"Physician Recruitment in Saudi Arabia and GCC | BioNixus","Physician Recruitment in Saudi Arabia and GCC",https://www.bionixus.com/gcc-hcp-recruitment-market-research
/patient-support-program-research-gcc,https://www.bionixus.com/patient-support-program-research-gcc,200,true,599,true,1401,"Patient Support Program Research GCC | BioNixus","Patient Support Program Research GCC",https://www.bionixus.com/patient-support-program-research-gcc
/qatar-market-access-research,https://www.bionixus.com/qatar-market-access-research,200,true,593,true,1407,"Market Access Research Qatar | BioNixus","Market Access Research Qatar",https://www.bionixus.com/qatar-market-access-research
/global-websites/france,https://www.bionixus.com/global-websites/france,200,true,579,true,1421,"France Pharmaceutical Market Research | HAS, HTA | BioNixus","Pharmaceutical Market Research in France",https://www.bionixus.com/global-websites/france
/global-websites/spain,https://www.bionixus.com/global-websites/spain,200,true,577,true,1423,"Spain Pharmaceutical Market Research | HTA and Co | BioNixus","Pharmaceutical Market Research in Spain",https://www.bionixus.com/global-websites/spain
/consumer-market-research,https://www.bionixus.com/consumer-market-research,200,true,572,true,1428,"Consumer & Business Market Research Company — FMCG, Retail","Consumer & Business Market Research — Global Coverage",https://www.bionixus.com/consumer-market-research
/global-websites/germany,https://www.bionixus.com/global-websites/germany,200,true,572,true,1428,"Germany Pharmaceutical Market Research | AMNOG, H | BioNixus","Pharmaceutical Market Research in Germany",https://www.bionixus.com/global-websites/germany
/global-websites/italy,https://www.bionixus.com/global-websites/italy,200,true,571,true,1429,"Italy Pharmaceutical Market Research | AIFA, HTA | BioNixus","Pharmaceutical Market Research in Italy",https://www.bionixus.com/global-websites/italy
/market-research-qatar,https://www.bionixus.com/market-research-qatar,200,true,548,true,1452,"Market Research Qatar | Healthcare & Pharma Resea | BioNixus","Market Research in Qatar",https://www.bionixus.com/market-research-qatar
/global-websites,https://www.bionixus.com/global-websites,200,true,489,true,1511,"Global Websites | BioNixus Country & Regional Navigation","Global Websites",https://www.bionixus.com/global-websites
/market-research-bahrain,https://www.bionixus.com/market-research-bahrain,200,true,479,true,1521,"Market Research Bahrain | Healthcare & Pharma Res | BioNixus","Market Research in Bahrain",https://www.bionixus.com/market-research-bahrain
/market-research-oman,https://www.bionixus.com/market-research-oman,200,true,479,true,1521,"Market Research Oman | Healthcare & Pharma Resear | BioNixus","Market Research in Oman",https://www.bionixus.com/market-research-oman
/qualitative-market-research,https://www.bionixus.com/qualitative-market-research,200,true,408,true,1592,"Qualitative Market Research for Healthcare and Ph | BioNixus","Qualitative Market Research for Pharmaceutical Strategy",https://www.bionixus.com/qualitative-market-research
/fr/market-research-healthcare,https://www.bionixus.com/fr/market-research-healthcare,200,true,359,true,1641,"Healthcare Market Research | Recherche healthcare et...","Healthcare market research pour decisions pharmaceutiques en Europe et Moyen-Orient",https://www.bionixus.com/fr/market-research-healthcare
/es/market-research-healthcare,https://www.bionixus.com/es/market-research-healthcare,200,true,346,true,1654,"Healthcare Market Research | Investigacion healthcare y...","Healthcare market research para decisiones farmaceuticas en Europa y Oriente Medio",https://www.bionixus.com/es/market-research-healthcare
/de/market-research-healthcare,https://www.bionixus.com/de/market-research-healthcare,200,true,335,true,1665,"Healthcare Market Research | Pharma Healthcare Market...","Healthcare market research fuer pharmazeutische Entscheidungen in Europa und Nahost",https://www.bionixus.com/de/market-research-healthcare
/es/market-access,https://www.bionixus.com/es/market-access,200,true,322,true,1678,"Market Access en Salud y Farma | BioNixus","Market Access para Farma y Healthcare",https://www.bionixus.com/es/market-access
/ar/market-research-healthcare,https://www.bionixus.com/ar/market-research-healthcare,200,true,319,true,1681,"Healthcare Market Research | ابحاث healthcare ودوائية لاوروبا...","Healthcare market research لقرارات دوائية في اوروبا والشرق الاوسط",https://www.bionixus.com/ar/market-research-healthcare
/insights,https://www.bionixus.com/insights,200,true,312,true,1688,"BioNixus Insights for Healthcare & Pharma Strategy","Why BioNixus Insights Matter in Healthcare and Pharmaceuticals",https://www.bionixus.com/insights
/ar/arabic-blog-alsawdyh,https://www.bionixus.com/ar/arabic-blog-alsawdyh,200,true,298,true,1702,"المدونة العربية: أبحاث السوق الدوائي في السعودية | BioNixus","دليل أبحاث السوق الدوائي في السعودية",https://www.bionixus.com/ar/arabic-blog-alsawdyh
/zh/about,https://www.bionixus.com/zh/about,200,true,295,true,1705,"About | BioNixus","全球市场研究——建立在医药这一我们服务的最受监管行业之上，并扩展至跨行业信赖",https://www.bionixus.com/zh/about
/de/success-in-startups,https://www.bionixus.com/de/success-in-startups,200,true,245,true,1755,"Erfolg in Healthcare Startups | BioNixus Blog (DE)","Erfolgsfaktoren für Healthcare Startups",https://www.bionixus.com/de/success-in-startups
/clinical-diagnostics-proposal-request,https://www.bionixus.com/clinical-diagnostics-proposal-request,200,true,146,true,1854,"Register for Clinical Diagnostics Proposal | BioNixus","Receive the full market assessment proposal",https://www.bionixus.com/clinical-diagnostics-proposal-request
/zh/market-research-healthcare,https://www.bionixus.com/zh/market-research-healthcare,200,true,139,true,1861,"Healthcare Market Research | 欧洲与中东医药Healthcare市场研究","服务欧洲与中东制药决策的healthcare market research",https://www.bionixus.com/zh/market-research-healthcare
/zh/methodology,https://www.bionixus.com/zh/methodology,200,true,137,true,1863,"Healthcare Research Methodology & Process | BioNixus","医疗健康市场研究方法",https://www.bionixus.com/zh/methodology
/news,https://www.bionixus.com/news,200,true,130,true,1870,"News & Press Releases | BioNixus Healthcare Market Research","News",https://www.bionixus.com/news
/media,https://www.bionixus.com/media,200,true,121,true,1879,"Media Kit & Press Contact | BioNixus","Media kit",https://www.bionixus.com/media
/ar/strategic-portfolio,https://www.bionixus.com/ar/strategic-portfolio,200,true,85,true,1915,"محفظة BioNixus الاستراتيجية | أبحاث السوق والاستشارات","أبحاث السوق و الاستشارات الاستراتيجية",https://www.bionixus.com/ar/strategic-portfolio
/skyrizi-tops-julys-pharma-rankings-and-what-it-means-for-omnichannel-engagement,https://www.bionixus.com/skyrizi-tops-julys-pharma-rankings-and-what-it-means-for-omnichannel-engagement,200,true,20,true,1980,"Skyrizi Tops Julys Pharma Rankings And What It Means For...","",https://www.bionixus.com/skyrizi-tops-julys-pharma-rankings-and-what-it-means-for-omnichannel-engagement
/bionixus-ai-chatbots-increase-sales-and-lead-generation,https://www.bionixus.com/bionixus-ai-chatbots-increase-sales-and-lead-generation,200,true,19,true,1981,"Bionixus Ai Chatbots Increase Sales And Lead Generation |...","",https://www.bionixus.com/bionixus-ai-chatbots-increase-sales-and-lead-generation
/ar/insights/top-market-research-companies-egypt-2026,https://www.bionixus.com/ar/insights/top-market-research-companies-egypt-2026,200,true,18,true,1982,"Top Market Research Companies Egypt 2026 | BioNixus","",https://www.bionixus.com/ar/insights/top-market-research-companies-egypt-2026
/saudi-arabia-medical-devices-market-report,https://www.bionixus.com/saudi-arabia-medical-devices-market-report,200,true,18,true,1982,"Saudi Arabia Medical Devices Market Report | BioNixus","",https://www.bionixus.com/saudi-arabia-medical-devices-market-report
/south-korea-medical-devices-market-report,https://www.bionixus.com/south-korea-medical-devices-market-report,200,true,18,true,1982,"South Korea Medical Devices Market Report | BioNixus","",https://www.bionixus.com/south-korea-medical-devices-market-report
/australia-medical-devices-market-report,https://www.bionixus.com/australia-medical-devices-market-report,200,true,17,true,1983,"Australia Medical Devices Market Report | BioNixus","",https://www.bionixus.com/australia-medical-devices-market-report
/bahrain-medical-devices-market-report,https://www.bionixus.com/bahrain-medical-devices-market-report,200,true,17,true,1983,"Bahrain Medical Devices Market Report | BioNixus","",https://www.bionixus.com/bahrain-medical-devices-market-report
/bionixus-market-research-middle-east,https://www.bionixus.com/bionixus-market-research-middle-east,200,true,17,true,1983,"Bionixus Market Research Middle East | BioNixus","",https://www.bionixus.com/bionixus-market-research-middle-east
/brazil-medical-devices-market-report,https://www.bionixus.com/brazil-medical-devices-market-report,200,true,17,true,1983,"Brazil Medical Devices Market Report | BioNixus","",https://www.bionixus.com/brazil-medical-devices-market-report
/canada-medical-devices-market-report,https://www.bionixus.com/canada-medical-devices-market-report,200,true,17,true,1983,"Canada Medical Devices Market Report | BioNixus","",https://www.bionixus.com/canada-medical-devices-market-report
/china-medical-devices-market-report,https://www.bionixus.com/china-medical-devices-market-report,200,true,17,true,1983,"China Medical Devices Market Report | BioNixus","",https://www.bionixus.com/china-medical-devices-market-report
/egypt-medical-devices-market-report,https://www.bionixus.com/egypt-medical-devices-market-report,200,true,17,true,1983,"Egypt Medical Devices Market Report | BioNixus","",https://www.bionixus.com/egypt-medical-devices-market-report
/france-medical-devices-market-report,https://www.bionixus.com/france-medical-devices-market-report,200,true,17,true,1983,"France Medical Devices Market Report | BioNixus","",https://www.bionixus.com/france-medical-devices-market-report
/gcc-anesthesia-surgical-market-report,https://www.bionixus.com/gcc-anesthesia-surgical-market-report,200,true,17,true,1983,"Gcc Anesthesia Surgical Market Report | BioNixus","",https://www.bionixus.com/gcc-anesthesia-surgical-market-report
/gcc-medical-devices-market-report,https://www.bionixus.com/gcc-medical-devices-market-report,200,true,17,true,1983,"Gcc Medical Devices Market Report | BioNixus","",https://www.bionixus.com/gcc-medical-devices-market-report
/germany-medical-devices-market-report,https://www.bionixus.com/germany-medical-devices-market-report,200,true,17,true,1983,"Germany Medical Devices Market Report | BioNixus","",https://www.bionixus.com/germany-medical-devices-market-report
/india-medical-devices-market-report,https://www.bionixus.com/india-medical-devices-market-report,200,true,17,true,1983,"India Medical Devices Market Report | BioNixus","",https://www.bionixus.com/india-medical-devices-market-report
/italy-medical-devices-market-report,https://www.bionixus.com/italy-medical-devices-market-report,200,true,17,true,1983,"Italy Medical Devices Market Report | BioNixus","",https://www.bionixus.com/italy-medical-devices-market-report
/japan-medical-devices-market-report,https://www.bionixus.com/japan-medical-devices-market-report,200,true,17,true,1983,"Japan Medical Devices Market Report | BioNixus","",https://www.bionixus.com/japan-medical-devices-market-report
/kuwait-medical-devices-market-report,https://www.bionixus.com/kuwait-medical-devices-market-report,200,true,17,true,1983,"Kuwait Medical Devices Market Report | BioNixus","",https://www.bionixus.com/kuwait-medical-devices-market-report
/oman-medical-devices-market-report,https://www.bionixus.com/oman-medical-devices-market-report,200,true,17,true,1983,"Oman Medical Devices Market Report | BioNixus","",https://www.bionixus.com/oman-medical-devices-market-report
/pharmaceutical-companies-saudi-arabia,https://www.bionixus.com/pharmaceutical-companies-saudi-arabia,200,true,17,true,1983,"Pharmaceutical Companies in Saudi Arabia | BioNixus","",https://www.bionixus.com/pharmaceutical-companies-saudi-arabia
/qatar-medical-devices-market-report,https://www.bionixus.com/qatar-medical-devices-market-report,200,true,17,true,1983,"Qatar Medical Devices Market Report | BioNixus","",https://www.bionixus.com/qatar-medical-devices-market-report
/saudi-arabia-healthcare-market-report,https://www.bionixus.com/saudi-arabia-healthcare-market-report,200,true,17,true,1983,"Saudi Arabia Healthcare Market Report | BioNixus","",https://www.bionixus.com/saudi-arabia-healthcare-market-report
/singapore-medical-devices-market-report,https://www.bionixus.com/singapore-medical-devices-market-report,200,true,17,true,1983,"Singapore Medical Devices Market Report | BioNixus","",https://www.bionixus.com/singapore-medical-devices-market-report
/south-korea-healthcare-market-report,https://www.bionixus.com/south-korea-healthcare-market-report,200,true,17,true,1983,"South Korea Healthcare Market Report | BioNixus","",https://www.bionixus.com/south-korea-healthcare-market-report
/spain-medical-devices-market-report,https://www.bionixus.com/spain-medical-devices-market-report,200,true,17,true,1983,"Spain Medical Devices Market Report | BioNixus","",https://www.bionixus.com/spain-medical-devices-market-report
/turkey-medical-devices-market-report,https://www.bionixus.com/turkey-medical-devices-market-report,200,true,17,true,1983,"Turkey Medical Devices Market Report | BioNixus","",https://www.bionixus.com/turkey-medical-devices-market-report
/uae-medical-devices-market-report,https://www.bionixus.com/uae-medical-devices-market-report,200,true,17,true,1983,"Uae Medical Devices Market Report | BioNixus","",https://www.bionixus.com/uae-medical-devices-market-report
/uk-medical-devices-market-report,https://www.bionixus.com/uk-medical-devices-market-report,200,true,17,true,1983,"Uk Medical Devices Market Report | BioNixus","",https://www.bionixus.com/uk-medical-devices-market-report
/usa-medical-devices-market-report,https://www.bionixus.com/usa-medical-devices-market-report,200,true,17,true,1983,"Usa Medical Devices Market Report | BioNixus","",https://www.bionixus.com/usa-medical-devices-market-report
/australia-healthcare-market-report,https://www.bionixus.com/australia-healthcare-market-report,200,true,16,true,1984,"Australia Healthcare Market Report | BioNixus","",https://www.bionixus.com/australia-healthcare-market-report
/bahrain-healthcare-market-report,https://www.bionixus.com/bahrain-healthcare-market-report,200,true,16,true,1984,"Bahrain Healthcare Market Report | BioNixus","",https://www.bionixus.com/bahrain-healthcare-market-report
/brazil-healthcare-market-report,https://www.bionixus.com/brazil-healthcare-market-report,200,true,16,true,1984,"Brazil Healthcare Market Report | BioNixus","",https://www.bionixus.com/brazil-healthcare-market-report
/canada-healthcare-market-report,https://www.bionixus.com/canada-healthcare-market-report,200,true,16,true,1984,"Canada Healthcare Market Report | BioNixus","",https://www.bionixus.com/canada-healthcare-market-report
/china-healthcare-market-report,https://www.bionixus.com/china-healthcare-market-report,200,true,16,true,1984,"China Healthcare Market Report | BioNixus","",https://www.bionixus.com/china-healthcare-market-report
/egypt-healthcare-market-report,https://www.bionixus.com/egypt-healthcare-market-report,200,true,16,true,1984,"Egypt Healthcare Market Report | BioNixus","",https://www.bionixus.com/egypt-healthcare-market-report
/france-healthcare-market-report,https://www.bionixus.com/france-healthcare-market-report,200,true,16,true,1984,"France Healthcare Market Report | BioNixus","",https://www.bionixus.com/france-healthcare-market-report
/germany-healthcare-market-report,https://www.bionixus.com/germany-healthcare-market-report,200,true,16,true,1984,"Germany Healthcare Market Report | BioNixus","",https://www.bionixus.com/germany-healthcare-market-report
/india-healthcare-market-report,https://www.bionixus.com/india-healthcare-market-report,200,true,16,true,1984,"India Healthcare Market Report | BioNixus","",https://www.bionixus.com/india-healthcare-market-report
/italy-healthcare-market-report,https://www.bionixus.com/italy-healthcare-market-report,200,true,16,true,1984,"Italy Healthcare Market Report | BioNixus","",https://www.bionixus.com/italy-healthcare-market-report
/japan-healthcare-market-report,https://www.bionixus.com/japan-healthcare-market-report,200,true,16,true,1984,"Japan Healthcare Market Report | BioNixus","",https://www.bionixus.com/japan-healthcare-market-report
/kuwait-healthcare-market-report,https://www.bionixus.com/kuwait-healthcare-market-report,200,true,16,true,1984,"Kuwait Healthcare Market Report | BioNixus","",https://www.bionixus.com/kuwait-healthcare-market-report
/oman-healthcare-market-report,https://www.bionixus.com/oman-healthcare-market-report,200,true,16,true,1984,"Oman Healthcare Market Report | BioNixus","",https://www.bionixus.com/oman-healthcare-market-report
/pharmaceutical-companies-bahrain,https://www.bionixus.com/pharmaceutical-companies-bahrain,200,true,16,true,1984,"Pharmaceutical Companies in Bahrain | BioNixus","",https://www.bionixus.com/pharmaceutical-companies-bahrain
/pharmaceutical-companies-egypt,https://www.bionixus.com/pharmaceutical-companies-egypt,200,true,16,true,1984,"Pharmaceutical Companies in Egypt | BioNixus","",https://www.bionixus.com/pharmaceutical-companies-egypt
/pharmaceutical-companies-iran,https://www.bionixus.com/pharmaceutical-companies-iran,200,true,16,true,1984,"Pharmaceutical Companies in Iran | BioNixus","",https://www.bionixus.com/pharmaceutical-companies-iran
/pharmaceutical-companies-iraq,https://www.bionixus.com/pharmaceutical-companies-iraq,200,true,16,true,1984,"Pharmaceutical Companies in Iraq | BioNixus","",https://www.bionixus.com/pharmaceutical-companies-iraq
/pharmaceutical-companies-kuwait,https://www.bionixus.com/pharmaceutical-companies-kuwait,200,true,16,true,1984,"Pharmaceutical Companies in Kuwait | BioNixus","",https://www.bionixus.com/pharmaceutical-companies-kuwait
/pharmaceutical-companies-oman,https://www.bionixus.com/pharmaceutical-companies-oman,200,true,16,true,1984,"Pharmaceutical Companies in Oman | BioNixus","",https://www.bionixus.com/pharmaceutical-companies-oman
/pharmaceutical-companies-qatar,https://www.bionixus.com/pharmaceutical-companies-qatar,200,true,16,true,1984,"Pharmaceutical Companies in Qatar | BioNixus","",https://www.bionixus.com/pharmaceutical-companies-qatar
/pharmaceutical-companies-uae,https://www.bionixus.com/pharmaceutical-companies-uae,200,true,16,true,1984,"Pharmaceutical Companies in Uae | BioNixus","",https://www.bionixus.com/pharmaceutical-companies-uae
/qatar-healthcare-market-report,https://www.bionixus.com/qatar-healthcare-market-report,200,true,16,true,1984,"Qatar Healthcare Market Report | BioNixus","",https://www.bionixus.com/qatar-healthcare-market-report
/singapore-healthcare-market-report,https://www.bionixus.com/singapore-healthcare-market-report,200,true,16,true,1984,"Singapore Healthcare Market Report | BioNixus","",https://www.bionixus.com/singapore-healthcare-market-report
/spain-healthcare-market-report,https://www.bionixus.com/spain-healthcare-market-report,200,true,16,true,1984,"Spain Healthcare Market Report | BioNixus","",https://www.bionixus.com/spain-healthcare-market-report
/turkey-healthcare-market-report,https://www.bionixus.com/turkey-healthcare-market-report,200,true,16,true,1984,"Turkey Healthcare Market Report | BioNixus","",https://www.bionixus.com/turkey-healthcare-market-report
/uae-healthcare-market-report,https://www.bionixus.com/uae-healthcare-market-report,200,true,16,true,1984,"Uae Healthcare Market Report | BioNixus","",https://www.bionixus.com/uae-healthcare-market-report
/uk-healthcare-market-report,https://www.bionixus.com/uk-healthcare-market-report,200,true,16,true,1984,"Uk Healthcare Market Report | BioNixus","",https://www.bionixus.com/uk-healthcare-market-report
/usa-healthcare-market-report,https://www.bionixus.com/usa-healthcare-market-report,200,true,16,true,1984,"Usa Healthcare Market Report | BioNixus","",https://www.bionixus.com/usa-healthcare-market-report
/ar/market-research-egypt,https://www.bionixus.com/ar/market-research-egypt,200,true,15,true,1985,"Market Research Egypt | BioNixus","",https://www.bionixus.com/ar/market-research-egypt
/ar/market-research-ksa,https://www.bionixus.com/ar/market-research-ksa,200,true,15,true,1985,"Market Research KSA | BioNixus","",https://www.bionixus.com/ar/market-research-ksa
/ar/market-research-kuwait,https://www.bionixus.com/ar/market-research-kuwait,200,true,15,true,1985,"Market Research Kuwait | BioNixus","",https://www.bionixus.com/ar/market-research-kuwait
/ar/market-research-saudi,https://www.bionixus.com/ar/market-research-saudi,200,true,15,true,1985,"Market Research Saudi | BioNixus","",https://www.bionixus.com/ar/market-research-saudi
/ar/market-research-uae,https://www.bionixus.com/ar/market-research-uae,200,true,15,true,1985,"Market Research UAE | BioNixus","",https://www.bionixus.com/ar/market-research-uae
/premium-home-preview,https://www.bionixus.com/premium-home-preview,200,true,15,true,1985,"Premium Home Preview | BioNixus","",https://www.bionixus.com/premium-home-preview
/market-research-by-industry,https://www.bionixus.com/market-research-by-industry,200,true,9634,false,-7634,"Market Research by Industry | Global Coverage | 16 Industri","Market research by industry — global coverage",https://www.bionixus.com/market-research-by-industry
/healthcare-fieldwork-middle-east,https://www.bionixus.com/healthcare-fieldwork-middle-east,200,true,8004,false,-6004,"Healthcare Fieldwork Middle East | BioNixus","Healthcare Fieldwork Middle East",https://www.bionixus.com/healthcare-fieldwork-middle-east
/pharma-fieldwork-uae,https://www.bionixus.com/pharma-fieldwork-uae,200,true,7956,false,-5956,"Pharma Fieldwork UAE | Physician & Payer Research | BioNixus","Pharma Fieldwork UAE",https://www.bionixus.com/pharma-fieldwork-uae
/kuwait-market-access-research,https://www.bionixus.com/kuwait-market-access-research,200,true,7274,false,-5274,"Market Access Research Kuwait | BioNixus","Market Access Research Kuwait",https://www.bionixus.com/kuwait-market-access-research
/pharma-fieldwork-saudi-arabia,https://www.bionixus.com/pharma-fieldwork-saudi-arabia,200,true,7152,false,-5152,"Pharma Fieldwork Saudi Arabia | Physician & Payer Research","Pharma Fieldwork Saudi Arabia",https://www.bionixus.com/pharma-fieldwork-saudi-arabia
/pharma-fieldwork-egypt,https://www.bionixus.com/pharma-fieldwork-egypt,200,true,5612,false,-3612,"Pharma Fieldwork Egypt | Physician & Pharmacy Res | BioNixus","Pharma Fieldwork Egypt",https://www.bionixus.com/pharma-fieldwork-egypt
/msl-insight-research-middle-east,https://www.bionixus.com/msl-insight-research-middle-east,200,false,4386,false,-2386,"MSL Insight Research Middle East | BioNixus","MSL Insight Research Middle East",https://www.bionixus.com/msl-insight-research-middle-east
/healthcare-market-research,https://www.bionixus.com/healthcare-market-research,200,true,4347,false,-2347,"Healthcare Market Research | Global Pharma & MedT | BioNixus","Healthcare market research — global pharmaceutical & medtech insights across the Americas, Europe, MENA, and Asia-Pacific",https://www.bionixus.com/healthcare-market-research
/patient-adherence-research-middle-east,https://www.bionixus.com/patient-adherence-research-middle-east,200,true,3946,false,-1946,"Patient Adherence Research Middle East | MPR & Pe | BioNixus","Patient Adherence Research Middle East",https://www.bionixus.com/patient-adherence-research-middle-east
/real-world-evidence-gcc,https://www.bionixus.com/real-world-evidence-gcc,200,true,3876,false,-1876,"Real World Evidence GCC | BioNixus","Real World Evidence GCC",https://www.bionixus.com/real-world-evidence-gcc
/patient-journey-research-gcc,https://www.bionixus.com/patient-journey-research-gcc,200,true,3517,false,-1517,"Patient Journey Research GCC | Pathway Mapping | BioNixus","Patient Journey Research GCC",https://www.bionixus.com/patient-journey-research-gcc
/respiratory-market-access-gcc,https://www.bionixus.com/respiratory-market-access-gcc,200,true,3502,false,-1502,"Respiratory Market Access GCC | BioNixus","Respiratory Market Access GCC",https://www.bionixus.com/respiratory-market-access-gcc
/uae-pricing-reimbursement-strategy,https://www.bionixus.com/uae-pricing-reimbursement-strategy,200,true,3441,false,-1441,"UAE Pricing and Reimbursement Strategy | BioNixus","UAE Pricing and Reimbursement Strategy",https://www.bionixus.com/uae-pricing-reimbursement-strategy
/healthcare-fieldwork-gcc,https://www.bionixus.com/healthcare-fieldwork-gcc,200,true,3409,false,-1409,"Healthcare Fieldwork GCC | Specialist HCP Researc | BioNixus","Healthcare Fieldwork GCC",https://www.bionixus.com/healthcare-fieldwork-gcc
/healthcare-market-research/therapy/diabetes,https://www.bionixus.com/healthcare-market-research/therapy/diabetes,200,true,3317,false,-1317,"Diabetes Market Research | BioNixus","Diabetes market research",https://www.bionixus.com/healthcare-market-research/therapy/diabetes
/healthcare-market-research-agency-gcc,https://www.bionixus.com/healthcare-market-research-agency-gcc,200,true,3309,false,-1309,"Pharma Market Research Company GCC | Healthcare Market...","Healthcare Market Research Companies in GCC for Pharmaceutical Launch and Access Decisions",https://www.bionixus.com/healthcare-market-research-agency-gcc
/healthcare-market-research/therapy/vaccines,https://www.bionixus.com/healthcare-market-research/therapy/vaccines,200,true,3172,false,-1172,"Vaccines Market Research | BioNixus","Vaccines market research",https://www.bionixus.com/healthcare-market-research/therapy/vaccines
/gcc-pharma-market-report-2026,https://www.bionixus.com/gcc-pharma-market-report-2026,200,true,3142,false,-1142,"GCC Pharma Market Report 2026 | Biologics & Generic Drugs","GCC Pharma Market Report 2026: Biologics, Generic Drugs & Market Size",https://www.bionixus.com/gcc-pharma-market-report-2026
/commercial-effectiveness-pharma-middle-east,https://www.bionixus.com/commercial-effectiveness-pharma-middle-east,200,true,2916,false,-916,"Commercial Effectiveness Pharma Middle East | BioNixus","Commercial Effectiveness Pharma Middle East",https://www.bionixus.com/commercial-effectiveness-pharma-middle-east
/pharmaceutical-market-research-uk,https://www.bionixus.com/pharmaceutical-market-research-uk,200,true,2789,false,-789,"Pharmaceutical Market Research Company in the UK | MHRA, NI","Pharmaceutical Market Research Company in the UK",https://www.bionixus.com/pharmaceutical-market-research-uk
/pharmaceutical-market-research-china,https://www.bionixus.com/pharmaceutical-market-research-china,200,true,2748,false,-748,"Pharmaceutical Market Research China | BioNixus","Pharmaceutical Market Research Company in China",https://www.bionixus.com/pharmaceutical-market-research-china
/pharmaceutical-market-research-poland,https://www.bionixus.com/pharmaceutical-market-research-poland,200,true,2732,false,-732,"Pharmaceutical Market Research Company in Poland | URPL,...","Pharmaceutical Market Research Company in Poland",https://www.bionixus.com/pharmaceutical-market-research-poland
/pharmaceutical-market-research-japan,https://www.bionixus.com/pharmaceutical-market-research-japan,200,true,2708,false,-708,"Pharmaceutical Market Research Company in Japan | PMDA, MHL","Pharmaceutical Market Research Company in Japan",https://www.bionixus.com/pharmaceutical-market-research-japan
/pharmaceutical-market-research-malaysia,https://www.bionixus.com/pharmaceutical-market-research-malaysia,200,true,2706,false,-706,"Pharmaceutical Market Research Company in Malaysia | NPRA,.","Pharmaceutical Market Research Company in Malaysia",https://www.bionixus.com/pharmaceutical-market-research-malaysia
/healthcare-market-research/saudi-arabia,https://www.bionixus.com/healthcare-market-research/saudi-arabia,200,true,2689,false,-689,"Healthcare Market Research Saudi Arabia | SFDA & | BioNixus","Healthcare Market Research in Saudi Arabia",https://www.bionixus.com/healthcare-market-research/saudi-arabia
/pharmaceutical-market-research-singapore,https://www.bionixus.com/pharmaceutical-market-research-singapore,200,true,2689,false,-689,"Pharmaceutical Market Research Company in Singapore | HSA,.","Pharmaceutical Market Research Company in Singapore",https://www.bionixus.com/pharmaceutical-market-research-singapore
/global-websites/south-africa,https://www.bionixus.com/global-websites/south-africa,200,true,2670,false,-670,"South Africa Pharmaceutical Market Research | Glo | BioNixus","South Africa Healthcare Market Strategy",https://www.bionixus.com/global-websites/south-africa
/pharmaceutical-market-research-new-zealand,https://www.bionixus.com/pharmaceutical-market-research-new-zealand,200,true,2665,false,-665,"Pharmaceutical Market Research New Zealand | BioNixus","Pharmaceutical Market Research Company in New Zealand",https://www.bionixus.com/pharmaceutical-market-research-new-zealand
/pharmaceutical-market-research-italy,https://www.bionixus.com/pharmaceutical-market-research-italy,200,true,2661,false,-661,"Pharmaceutical Market Research Italy | BioNixus","Pharmaceutical Market Research Company in Italy",https://www.bionixus.com/pharmaceutical-market-research-italy
/pharmaceutical-market-research-australia,https://www.bionixus.com/pharmaceutical-market-research-australia,200,true,2653,false,-653,"Pharmaceutical Market Research Company in Australia | TGA,.","Pharmaceutical Market Research Company in Australia",https://www.bionixus.com/pharmaceutical-market-research-australia
/global-websites/algeria,https://www.bionixus.com/global-websites/algeria,200,true,2627,false,-627,"Algeria Pharmaceutical Market Research | Global H | BioNixus","Algeria Healthcare Market Strategy",https://www.bionixus.com/global-websites/algeria
/global-websites/iraq,https://www.bionixus.com/global-websites/iraq,200,true,2627,false,-627,"Iraq Pharmaceutical Market Research | Global Heal | BioNixus","Iraq Healthcare Market Strategy",https://www.bionixus.com/global-websites/iraq
/global-websites/jordan,https://www.bionixus.com/global-websites/jordan,200,true,2627,false,-627,"Jordan Pharmaceutical Market Research | Global He | BioNixus","Jordan Healthcare Market Strategy",https://www.bionixus.com/global-websites/jordan
/global-websites/lebanon,https://www.bionixus.com/global-websites/lebanon,200,true,2627,false,-627,"Lebanon Pharmaceutical Market Research | Global H | BioNixus","Lebanon Healthcare Market Strategy",https://www.bionixus.com/global-websites/lebanon
/global-websites/libya,https://www.bionixus.com/global-websites/libya,200,true,2627,false,-627,"Libya Pharmaceutical Market Research | Global Hea | BioNixus","Libya Healthcare Market Strategy",https://www.bionixus.com/global-websites/libya
/global-websites/morocco,https://www.bionixus.com/global-websites/morocco,200,true,2627,false,-627,"Morocco Pharmaceutical Market Research | Global H | BioNixus","Morocco Healthcare Market Strategy",https://www.bionixus.com/global-websites/morocco
/global-websites/tunisia,https://www.bionixus.com/global-websites/tunisia,200,true,2627,false,-627,"Tunisia Pharmaceutical Market Research | Global H | BioNixus","Tunisia Healthcare Market Strategy",https://www.bionixus.com/global-websites/tunisia
/global-websites/kenya,https://www.bionixus.com/global-websites/kenya,200,true,2625,false,-625,"Kenya Pharmaceutical Market Research | Global Hea | BioNixus","Kenya Healthcare Market Strategy",https://www.bionixus.com/global-websites/kenya
/global-websites/nigeria,https://www.bionixus.com/global-websites/nigeria,200,true,2625,false,-625,"Nigeria Pharmaceutical Market Research | Global H | BioNixus","Nigeria Healthcare Market Strategy",https://www.bionixus.com/global-websites/nigeria
/pharmaceutical-market-research-turkey,https://www.bionixus.com/pharmaceutical-market-research-turkey,200,true,2623,false,-623,"Pharmaceutical Market Research Company in Turkey | TİTCK &.","Pharmaceutical Market Research Company in Turkey",https://www.bionixus.com/pharmaceutical-market-research-turkey
/global-websites/switzerland,https://www.bionixus.com/global-websites/switzerland,200,true,2615,false,-615,"Switzerland Pharmaceutical Market Research | Glob | BioNixus","Switzerland Healthcare Market Strategy",https://www.bionixus.com/global-websites/switzerland
/global-websites/denmark,https://www.bionixus.com/global-websites/denmark,200,true,2613,false,-613,"Denmark Pharmaceutical Market Research | Global H | BioNixus","Denmark Healthcare Market Strategy",https://www.bionixus.com/global-websites/denmark
/global-websites/sweden,https://www.bionixus.com/global-websites/sweden,200,true,2613,false,-613,"Sweden Pharmaceutical Market Research | Global He | BioNixus","Sweden Healthcare Market Strategy",https://www.bionixus.com/global-websites/sweden
/global-websites/turkey,https://www.bionixus.com/global-websites/turkey,200,true,2613,false,-613,"Turkey Pharmaceutical Market Research | Global He | BioNixus","Turkey Healthcare Market Strategy",https://www.bionixus.com/global-websites/turkey
/pharmaceutical-market-research-germany,https://www.bionixus.com/pharmaceutical-market-research-germany,200,true,2607,false,-607,"Pharmaceutical Market Research Germany | BioNixus","Pharmaceutical Market Research Company in Germany",https://www.bionixus.com/pharmaceutical-market-research-germany
/global-websites/canada,https://www.bionixus.com/global-websites/canada,200,true,2605,false,-605,"Canada Pharmaceutical Market Research | Global He | BioNixus","Canada Healthcare Market Strategy",https://www.bionixus.com/global-websites/canada
/global-websites/mexico,https://www.bionixus.com/global-websites/mexico,200,true,2605,false,-605,"Mexico Pharmaceutical Market Research | Global He | BioNixus","Mexico Healthcare Market Strategy",https://www.bionixus.com/global-websites/mexico
/global-websites/china,https://www.bionixus.com/global-websites/china,200,true,2604,false,-604,"China Pharmaceutical Market Research | Global Hea | BioNixus","China Healthcare Market Strategy",https://www.bionixus.com/global-websites/china
/global-websites/japan,https://www.bionixus.com/global-websites/japan,200,true,2602,false,-602,"Japan Pharmaceutical Market Research | Global Hea | BioNixus","Japan Healthcare Market Strategy",https://www.bionixus.com/global-websites/japan
/global-websites/singapore,https://www.bionixus.com/global-websites/singapore,200,true,2602,false,-602,"Singapore Pharmaceutical Market Research | Global | BioNixus","Singapore Healthcare Market Strategy",https://www.bionixus.com/global-websites/singapore
/pharmaceutical-market-research-france,https://www.bionixus.com/pharmaceutical-market-research-france,200,true,2590,false,-590,"Pharmaceutical Market Research France | BioNixus","Pharmaceutical Market Research Company in France",https://www.bionixus.com/pharmaceutical-market-research-france
/pharmaceutical-market-research-canada,https://www.bionixus.com/pharmaceutical-market-research-canada,200,true,2520,false,-520,"Pharmaceutical Market Research Company in Canada | CADTH,...","Pharmaceutical Market Research Company in Canada",https://www.bionixus.com/pharmaceutical-market-research-canada
/pharmaceutical-market-research-south-korea,https://www.bionixus.com/pharmaceutical-market-research-south-korea,200,true,2497,false,-497,"Pharmaceutical Market Research South Korea | BioNixus","Pharmaceutical Market Research Company in South Korea",https://www.bionixus.com/pharmaceutical-market-research-south-korea
/pharmaceutical-market-research-switzerland,https://www.bionixus.com/pharmaceutical-market-research-switzerland,200,true,2453,false,-453,"Pharmaceutical Market Research Switzerland | BioNixus","Pharmaceutical Market Research Company in Switzerland",https://www.bionixus.com/pharmaceutical-market-research-switzerland
/pharmaceutical-market-research-spain,https://www.bionixus.com/pharmaceutical-market-research-spain,200,true,2444,false,-444,"Pharmaceutical Market Research Spain | BioNixus","Pharmaceutical Market Research Company in Spain",https://www.bionixus.com/pharmaceutical-market-research-spain
/healthcare-market-research-in-uae,https://www.bionixus.com/healthcare-market-research-in-uae,200,true,2425,false,-425,"Healthcare Market Research UAE | DHA, DOH & MOHAP | BioNixus","Healthcare Market Research in the UAE",https://www.bionixus.com/healthcare-market-research/uae
/healthcare-market-research/uae,https://www.bionixus.com/healthcare-market-research/uae,200,true,2425,false,-425,"Healthcare Market Research UAE | DHA, DOH & MOHAP | BioNixus","Healthcare Market Research in the UAE",https://www.bionixus.com/healthcare-market-research/uae
/market-research-in-saudi-arabia,https://www.bionixus.com/market-research-in-saudi-arabia,200,true,2372,false,-372,"Market Research Companies Saudi Arabia | BioNixus","Market Research Company in Saudi Arabia",https://www.bionixus.com/market-research-in-saudi-arabia
/healthcare-market-research/therapy/immunology,https://www.bionixus.com/healthcare-market-research/therapy/immunology,200,true,2368,false,-368,"Immunology Research Guide: Biologics & Patient Pathways |...","Immunology market research guide",https://www.bionixus.com/healthcare-market-research/therapy/immunology
/ar,https://www.bionixus.com/ar,200,true,2363,false,-363,"BioNixus | Healthcare & Pharmaceutical Market Research","خدمات BioNixus لأبحاث السوق الصحية والدوائية",https://www.bionixus.com/ar
/diabetes-market-research-uae,https://www.bionixus.com/diabetes-market-research-uae,200,true,2363,false,-363,"Diabetes Market Research UAE | BioNixus","Diabetes Market Research UAE",https://www.bionixus.com/diabetes-market-research-uae
/brand-tracking-pharma-gcc,https://www.bionixus.com/brand-tracking-pharma-gcc,200,true,2358,false,-358,"Brand Tracking Pharma GCC | BioNixus","Brand Tracking Pharma GCC",https://www.bionixus.com/brand-tracking-pharma-gcc
/pharmaceutical-market-research-denmark,https://www.bionixus.com/pharmaceutical-market-research-denmark,200,true,2353,false,-353,"Pharmaceutical Market Research Denmark | BioNixus","Pharmaceutical Market Research Company in Denmark",https://www.bionixus.com/pharmaceutical-market-research-denmark
/egypt-healthcare-market-research,https://www.bionixus.com/egypt-healthcare-market-research,200,true,2298,false,-298,"Healthcare Market Research Company in Egypt (2026) | EDA...","Healthcare Providers & Hospitals market research company in Egypt",https://www.bionixus.com/egypt-healthcare-market-research
/uae-healthcare-market-research,https://www.bionixus.com/uae-healthcare-market-research,200,true,2298,false,-298,"Healthcare Market Research Company in UAE (2026) | MOHAP...","Healthcare Providers & Hospitals market research company in UAE",https://www.bionixus.com/uae-healthcare-market-research
/healthcare-market-research-in-saudi-arabia,https://www.bionixus.com/healthcare-market-research-in-saudi-arabia,200,true,2296,false,-296,"Healthcare Market Research Saudi Arabia | SFDA & | BioNixus","Healthcare & Pharmaceutical Market Research in Saudi Arabia",https://www.bionixus.com/healthcare-market-research-in-saudi-arabia
/saudi-arabia-healthcare-market-research,https://www.bionixus.com/saudi-arabia-healthcare-market-research,200,true,2285,false,-285,"Healthcare Market Research Company in Saudi Arabia (2026)","Healthcare Providers & Hospitals market research company in Saudi Arabia",https://www.bionixus.com/saudi-arabia-healthcare-market-research
/specialist-physician-panel-uae,https://www.bionixus.com/specialist-physician-panel-uae,200,true,2251,false,-251,"Specialist Physician Panel UAE | BioNixus","Specialist Physician Panel UAE",https://www.bionixus.com/specialist-physician-panel-uae
/healthcare-market-research/therapy/biologics,https://www.bionixus.com/healthcare-market-research/therapy/biologics,200,true,2230,false,-230,"Biologics Research Guide: Biosimilars & Market Ac | BioNixus","Biologics market research guide",https://www.bionixus.com/healthcare-market-research/therapy/biologics
/egypt-financial-services-market-research,https://www.bionixus.com/egypt-financial-services-market-research,200,true,2224,false,-224,"Financial Services Market Research Company in Egypt (2026)","Financial Services & Banking market research company in Egypt",https://www.bionixus.com/egypt-financial-services-market-research
/healthcare-market-research/united-arab-emirates,https://www.bionixus.com/healthcare-market-research/united-arab-emirates,200,true,2218,false,-218,"United Arab Emirates Healthcare Market Research | MOHAP, DH","Healthcare Market Research Across the United Arab Emirates",https://www.bionixus.com/healthcare-market-research/united-arab-emirates
/market-research,https://www.bionixus.com/market-research,200,true,2196,false,-196,"Market Research Services Hub | Global Coverage | Healthcare","Market research for healthcare, pharma & industry",https://www.bionixus.com/market-research
/pt/insights/top-empresas-pesquisa-mercado-saude-brasil-2026,https://www.bionixus.com/pt/insights/top-empresas-pesquisa-mercado-saude-brasil-2026,200,true,2189,false,-189,"5 Melhores Empresas de Pesquisa de Mercado em Saú | BioNixus","5 Melhores Empresas de Pesquisa de Mercado em Saúde no Brasil (2026)",https://www.bionixus.com/pt/insights/top-empresas-pesquisa-mercado-saude-brasil-2026
/healthcare-market-research/egypt,https://www.bionixus.com/healthcare-market-research/egypt,200,true,2184,false,-184,"Healthcare Market Research in Egypt | Pharma & Consumer |...","Healthcare Market Research in Egypt",https://www.bionixus.com/healthcare-market-research/egypt
/saudi-arabia-medtech-market-research,https://www.bionixus.com/saudi-arabia-medtech-market-research,200,true,2177,false,-177,"MedTech Market Research Company in Saudi Arabia (2026) | SF","MedTech & Medical Devices market research company in Saudi Arabia",https://www.bionixus.com/saudi-arabia-medtech-market-research
/saudi-arabia-consumer-health-market-research,https://www.bionixus.com/saudi-arabia-consumer-health-market-research,200,true,2165,false,-165,"Consumer Health Market Research Company in Saudi Arabia...","Consumer Health & OTC market research company in Saudi Arabia",https://www.bionixus.com/saudi-arabia-consumer-health-market-research
/healthcare-market-research/therapy/rare-diseases,https://www.bionixus.com/healthcare-market-research/therapy/rare-diseases,200,true,2160,false,-160,"Rare Disease & Orphan Drug Market Research | BioNixus","Rare disease market research",https://www.bionixus.com/healthcare-market-research/therapy/rare-diseases
/pharmaceutical-market-research-usa,https://www.bionixus.com/pharmaceutical-market-research-usa,200,true,2159,false,-159,"Pharmaceutical Market Research Company in USA | FDA, CMS &.","Pharmaceutical Market Research Company in USA",https://www.bionixus.com/pharmaceutical-market-research-usa
/es/insights/top-empresas-investigacion-mercado-salud-argentina-2026,https://www.bionixus.com/es/insights/top-empresas-investigacion-mercado-salud-argentina-2026,200,true,2152,false,-152,"5 Mejores Empresas de Investigación de Mercado en | BioNixus","5 Mejores Empresas de Investigación de Mercado en Salud en Argentina (2026)",https://www.bionixus.com/es/insights/top-empresas-investigacion-mercado-salud-argentina-2026
/healthcare-market-research/south-africa,https://www.bionixus.com/healthcare-market-research/south-africa,200,true,2140,false,-140,"Pharmaceutical Market Research in South Africa | BioNixus","Pharmaceutical Market Research in South Africa",https://www.bionixus.com/healthcare-market-research/south-africa
/healthcare-market-research/united-states,https://www.bionixus.com/healthcare-market-research/united-states,200,true,2140,false,-140,"Pharmaceutical Market Research in United States | BioNixus","Pharmaceutical Market Research in United States",https://www.bionixus.com/healthcare-market-research/united-states
/healthcare-market-research-uk,https://www.bionixus.com/healthcare-market-research-uk,200,true,2127,false,-127,"Pharmaceutical Market Research in United Kingdom | BioNixus","Pharmaceutical Market Research in the United Kingdom",https://www.bionixus.com/healthcare-market-research/uk
/healthcare-market-research/uk,https://www.bionixus.com/healthcare-market-research/uk,200,true,2127,false,-127,"Pharmaceutical Market Research in United Kingdom | BioNixus","Pharmaceutical Market Research in the United Kingdom",https://www.bionixus.com/healthcare-market-research/uk
/saudi-arabia-biotech-market-research,https://www.bionixus.com/saudi-arabia-biotech-market-research,200,true,2121,false,-121,"Biotech Market Research Company in Saudi Arabia (2026) | SF","Biotech & Life Sciences market research company in Saudi Arabia",https://www.bionixus.com/saudi-arabia-biotech-market-research
/heor-consulting-saudi-arabia,https://www.bionixus.com/heor-consulting-saudi-arabia,200,true,2114,false,-114,"HEOR Consulting Saudi Arabia | BioNixus","HEOR Consulting Saudi Arabia",https://www.bionixus.com/heor-consulting-saudi-arabia
/healthcare-market-research/abu-dhabi,https://www.bionixus.com/healthcare-market-research/abu-dhabi,200,true,2112,false,-112,"Pharmaceutical Market Research in Abu Dhabi | BioNixus","Pharmaceutical Market Research in Abu Dhabi",https://www.bionixus.com/healthcare-market-research/abu-dhabi
/iqvia-alternative,https://www.bionixus.com/iqvia-alternative,200,true,2101,false,-101,"IQVIA Competitors &amp; Alternatives for Pharma Market Research | BioNixus","IQVIA Competitors & Alternatives Built for How Pharma Really Works",https://www.bionixus.com/iqvia-alternative
/healthcare-market-research/services/market-access,https://www.bionixus.com/healthcare-market-research/services/market-access,200,true,2100,false,-100,"market access Healthcare Research Service | BioNixus","Market access research service",https://www.bionixus.com/healthcare-market-research/services/market-access
/healthcare-market-research/denmark,https://www.bionixus.com/healthcare-market-research/denmark,200,true,2095,false,-95,"Pharmaceutical Market Research in Denmark | BioNixus","Pharmaceutical Market Research in Denmark",https://www.bionixus.com/healthcare-market-research/denmark
/healthcare-market-research/italy,https://www.bionixus.com/healthcare-market-research/italy,200,true,2095,false,-95,"Pharmaceutical Market Research in Italy | BioNixus","Pharmaceutical Market Research in Italy",https://www.bionixus.com/healthcare-market-research/italy
/healthcare-market-research/sweden,https://www.bionixus.com/healthcare-market-research/sweden,200,true,2095,false,-95,"Pharmaceutical Market Research in Sweden | BioNixus","Pharmaceutical Market Research in Sweden",https://www.bionixus.com/healthcare-market-research/sweden
/healthcare-market-research/switzerland,https://www.bionixus.com/healthcare-market-research/switzerland,200,true,2095,false,-95,"Pharmaceutical Market Research in Switzerland | BioNixus","Pharmaceutical Market Research in Switzerland",https://www.bionixus.com/healthcare-market-research/switzerland
/healthcare-market-research/oman,https://www.bionixus.com/healthcare-market-research/oman,200,true,2094,false,-94,"Healthcare Market Research Oman | MOH Fieldwork | BioNixus","Healthcare Market Research in Oman",https://www.bionixus.com/healthcare-market-research/oman
/healthcare-market-research/algeria,https://www.bionixus.com/healthcare-market-research/algeria,200,true,2093,false,-93,"Pharmaceutical Market Research in Algeria | BioNixus","Pharmaceutical Market Research in Algeria",https://www.bionixus.com/healthcare-market-research/algeria
/healthcare-market-research/iraq,https://www.bionixus.com/healthcare-market-research/iraq,200,true,2093,false,-93,"Pharmaceutical Market Research in Iraq | BioNixus","Pharmaceutical Market Research in Iraq",https://www.bionixus.com/healthcare-market-research/iraq
/healthcare-market-research/jordan,https://www.bionixus.com/healthcare-market-research/jordan,200,true,2093,false,-93,"Pharmaceutical Market Research in Jordan | BioNixus","Pharmaceutical Market Research in Jordan",https://www.bionixus.com/healthcare-market-research/jordan
/healthcare-market-research/kenya,https://www.bionixus.com/healthcare-market-research/kenya,200,true,2093,false,-93,"Pharmaceutical Market Research in Kenya | BioNixus","Pharmaceutical Market Research in Kenya",https://www.bionixus.com/healthcare-market-research/kenya
/healthcare-market-research/lebanon,https://www.bionixus.com/healthcare-market-research/lebanon,200,true,2093,false,-93,"Pharmaceutical Market Research in Lebanon | BioNixus","Pharmaceutical Market Research in Lebanon",https://www.bionixus.com/healthcare-market-research/lebanon
/healthcare-market-research/libya,https://www.bionixus.com/healthcare-market-research/libya,200,true,2093,false,-93,"Pharmaceutical Market Research in Libya | BioNixus","Pharmaceutical Market Research in Libya",https://www.bionixus.com/healthcare-market-research/libya
/healthcare-market-research/mexico,https://www.bionixus.com/healthcare-market-research/mexico,200,true,2093,false,-93,"Pharmaceutical Market Research in Mexico | BioNixus","Pharmaceutical Market Research in Mexico",https://www.bionixus.com/healthcare-market-research/mexico
/healthcare-market-research/morocco,https://www.bionixus.com/healthcare-market-research/morocco,200,true,2093,false,-93,"Pharmaceutical Market Research in Morocco | BioNixus","Pharmaceutical Market Research in Morocco",https://www.bionixus.com/healthcare-market-research/morocco
/healthcare-market-research/nigeria,https://www.bionixus.com/healthcare-market-research/nigeria,200,true,2093,false,-93,"Pharmaceutical Market Research in Nigeria | BioNixus","Pharmaceutical Market Research in Nigeria",https://www.bionixus.com/healthcare-market-research/nigeria
/healthcare-market-research/tunisia,https://www.bionixus.com/healthcare-market-research/tunisia,200,true,2093,false,-93,"Pharmaceutical Market Research in Tunisia | BioNixus","Pharmaceutical Market Research in Tunisia",https://www.bionixus.com/healthcare-market-research/tunisia
/healthcare-market-research/canada,https://www.bionixus.com/healthcare-market-research/canada,200,true,2092,false,-92,"Pharmaceutical Market Research in Canada | BioNixus","Pharmaceutical Market Research in Canada",https://www.bionixus.com/healthcare-market-research/canada
/healthcare-market-research/china,https://www.bionixus.com/healthcare-market-research/china,200,true,2091,false,-91,"Pharmaceutical Market Research in China | BioNixus","Pharmaceutical Market Research in China",https://www.bionixus.com/healthcare-market-research/china
/healthcare-market-research/qatar,https://www.bionixus.com/healthcare-market-research/qatar,200,true,2087,false,-87,"Healthcare Market Research Qatar | MOPH Fieldwork | BioNixus","Healthcare Market Research in Qatar",https://www.bionixus.com/healthcare-market-research/qatar
/healthcare-market-research/bahrain,https://www.bionixus.com/healthcare-market-research/bahrain,200,true,2081,false,-81,"Healthcare Market Research Bahrain | NHRA Fieldwo | BioNixus","Healthcare Market Research in Bahrain",https://www.bionixus.com/healthcare-market-research/bahrain
/healthcare-market-research/kuwait,https://www.bionixus.com/healthcare-market-research/kuwait,200,true,2080,false,-80,"Healthcare Market Research Kuwait | MOH Fieldwork | BioNixus","Pharmaceutical Market Research in Kuwait",https://www.bionixus.com/healthcare-market-research/kuwait
/healthcare-market-research/jeddah,https://www.bionixus.com/healthcare-market-research/jeddah,200,true,2078,false,-78,"Pharmaceutical Market Research in Jeddah | BioNixus","Pharmaceutical Market Research in Jeddah",https://www.bionixus.com/healthcare-market-research/jeddah
/healthcare-market-research/dubai,https://www.bionixus.com/healthcare-market-research/dubai,200,true,2075,false,-75,"Healthcare Market Research Dubai | Pharma Fieldwork UAE |...","Pharmaceutical Market Research in Dubai",https://www.bionixus.com/healthcare-market-research/dubai
/uae-medtech-market-research,https://www.bionixus.com/uae-medtech-market-research,200,true,2075,false,-75,"MedTech Market Research Company in UAE (2026) | MOHAP Conte","MedTech & Medical Devices market research company in UAE",https://www.bionixus.com/uae-medtech-market-research
/healthcare-market-research/therapy/oncology,https://www.bionixus.com/healthcare-market-research/therapy/oncology,200,true,2073,false,-73,"Oncology Market Research | BioNixus","Oncology market research",https://www.bionixus.com/healthcare-market-research/therapy/oncology
/uae-consumer-health-market-research,https://www.bionixus.com/uae-consumer-health-market-research,200,true,2072,false,-72,"Consumer Health Market Research Company in UAE (2026) | MOH","Consumer Health & OTC market research company in UAE",https://www.bionixus.com/uae-consumer-health-market-research
/egypt-medtech-market-research,https://www.bionixus.com/egypt-medtech-market-research,200,true,2071,false,-71,"MedTech Market Research Company in Egypt (2026) | EDA Conte","MedTech & Medical Devices market research company in Egypt",https://www.bionixus.com/egypt-medtech-market-research
/healthcare-market-research/europe,https://www.bionixus.com/healthcare-market-research/europe,200,true,2068,false,-68,"Pharmaceutical Market Research in Europe | BioNixus","Pharmaceutical Market Research Across Europe",https://www.bionixus.com/healthcare-market-research/europe
/healthcare-market-research/riyadh,https://www.bionixus.com/healthcare-market-research/riyadh,200,true,2068,false,-68,"Pharmaceutical Market Research in Riyadh | BioNixus","Pharmaceutical Market Research in Riyadh",https://www.bionixus.com/healthcare-market-research/riyadh
/healthcare-market-research/germany,https://www.bionixus.com/healthcare-market-research/germany,200,true,2067,false,-67,"Healthcare Market Research Germany | AMNOG & G-BA | BioNixus","Pharmaceutical Market Research in Germany",https://www.bionixus.com/healthcare-market-research/germany
/egypt-consumer-health-market-research,https://www.bionixus.com/egypt-consumer-health-market-research,200,true,2066,false,-66,"Consumer Health Market Research Company in Egypt (2026) | E","Consumer Health & OTC market research company in Egypt",https://www.bionixus.com/egypt-consumer-health-market-research
/healthcare-market-research/japan,https://www.bionixus.com/healthcare-market-research/japan,200,true,2064,false,-64,"Healthcare Market Research Japan | PMDA Fieldwork | BioNixus","Pharmaceutical Market Research in Japan",https://www.bionixus.com/healthcare-market-research/japan
/healthcare-market-research/singapore,https://www.bionixus.com/healthcare-market-research/singapore,200,true,2064,false,-64,"Healthcare Market Research Singapore | HSA Fieldw | BioNixus","Healthcare Market Research in Singapore",https://www.bionixus.com/healthcare-market-research/singapore
/healthcare-market-research/france,https://www.bionixus.com/healthcare-market-research/france,200,true,2062,false,-62,"Healthcare Market Research France | HAS & ANSM | BioNixus","Pharmaceutical Market Research in France",https://www.bionixus.com/healthcare-market-research/france
/healthcare-market-research/spain,https://www.bionixus.com/healthcare-market-research/spain,200,true,2062,false,-62,"Healthcare Market Research Spain | AEMPS Fieldwor | BioNixus","Pharmaceutical Market Research in Spain",https://www.bionixus.com/healthcare-market-research/spain
/healthcare-market-research/turkey,https://www.bionixus.com/healthcare-market-research/turkey,200,true,2059,false,-59,"Healthcare Market Research Turkey | TITCK Fieldwo | BioNixus","Healthcare Market Research in Turkey",https://www.bionixus.com/healthcare-market-research/turkey
/uae-biotech-market-research,https://www.bionixus.com/uae-biotech-market-research,200,true,2047,false,-47,"Biotech Market Research Company in UAE (2026) | MOHAP Conte","Biotech & Life Sciences market research company in UAE",https://www.bionixus.com/uae-biotech-market-research
/gfk-alternative-egypt,https://www.bionixus.com/gfk-alternative-egypt,200,true,2040,false,-40,"GfK Alternative in Egypt — International Market Research | BioNixus","GfK Alternative in Egypt — International Market Research by BioNixus",https://www.bionixus.com/gfk-alternative-egypt
/healthcare-market-research/services/physician-insights,https://www.bionixus.com/healthcare-market-research/services/physician-insights,200,true,2036,false,-36,"physician insights Healthcare Research Service | BioNixus","Physician insights research service",https://www.bionixus.com/healthcare-market-research/services/physician-insights
/egypt-biotech-market-research,https://www.bionixus.com/egypt-biotech-market-research,200,true,2033,false,-33,"Biotech Market Research Company in Egypt (2026) | EDA Conte","Biotech & Life Sciences market research company in Egypt",https://www.bionixus.com/egypt-biotech-market-research
/healthcare-market-research/therapy/respiratory,https://www.bionixus.com/healthcare-market-research/therapy/respiratory,200,true,2025,false,-25,"Respiratory Market Research | BioNixus","Respiratory market research",https://www.bionixus.com/healthcare-market-research/therapy/respiratory
/market-research-saudi-arabia-pharmaceutical,https://www.bionixus.com/market-research-saudi-arabia-pharmaceutical,200,true,2025,false,-25,"Pharma Market Research Company Saudi Arabia | Proposal-Read","Healthcare & Pharmaceutical Market Research Company in Saudi Arabia",https://www.bionixus.com/market-research-saudi-arabia-pharmaceutical
/healthcare-market-research/therapy/aesthetic-medicine,https://www.bionixus.com/healthcare-market-research/therapy/aesthetic-medicine,200,true,2023,false,-23,"Aesthetic Medicine Market Research | BioNixus","Aesthetic medicine market research",https://www.bionixus.com/healthcare-market-research/therapy/aesthetic-medicine
/healthcare-market-research/therapy/cardiology,https://www.bionixus.com/healthcare-market-research/therapy/cardiology,200,true,2018,false,-18,"Cardiology Market Research | BioNixus","Cardiology market research",https://www.bionixus.com/healthcare-market-research/therapy/cardiology
/healthcare-market-research/services/quantitative-research,https://www.bionixus.com/healthcare-market-research/services/quantitative-research,200,true,2017,false,-17,"quantitative research Healthcare Research Service | BioNixus","Quantitative research research service",https://www.bionixus.com/healthcare-market-research/services/quantitative-research
/healthcare-market-research/services/kol-mapping,https://www.bionixus.com/healthcare-market-research/services/kol-mapping,200,true,2013,false,-13,"kol mapping Healthcare Research Service | BioNixus","Kol mapping research service",https://www.bionixus.com/healthcare-market-research/services/kol-mapping
/market-research-in-egypt,https://www.bionixus.com/market-research-in-egypt,200,true,2010,false,-10,"Market Research Companies in Egypt | BioNixus","Market Research Company in Egypt",https://www.bionixus.com/market-research-in-egypt
/healthcare-market-research/services/qualitative-research,https://www.bionixus.com/healthcare-market-research/services/qualitative-research,200,true,2007,false,-7,"qualitative research Healthcare Research Service | BioNixus","Qualitative research research service",https://www.bionixus.com/healthcare-market-research/services/qualitative-research