pathname,url,status,word_count,in_sitemap,pass,thin,not_found,title,h1
/insights/top-healthcare-market-research-companies-abu-dhabi-2026,https://www.bionixus.com/insights/top-healthcare-market-research-companies-abu-dhabi-2026,404,0,true,false,false,true,,
/insights/top-healthcare-market-research-companies-dubai-2026,https://www.bionixus.com/insights/top-healthcare-market-research-companies-dubai-2026,404,0,true,false,false,true,,
/insights/top-healthcare-market-research-companies-kuwait-2026,https://www.bionixus.com/insights/top-healthcare-market-research-companies-kuwait-2026,404,0,true,false,false,true,,
/pt/methodology,https://www.bionixus.com/pt/methodology,500,0,true,false,false,false,,
/ru/methodology,https://www.bionixus.com/ru/methodology,500,0,true,false,false,false,,
/ar/blog/%d8%b3%d9%88%d9%82-%d8%a7%d9%84%d8%af%d9%88%d8%a7%d8%a1-%d8%a7%d9%84%d8%b3%d8%b9%d9%88%d8%af%d9%8a-2026,https://www.bionixus.com/ar/blog/%d8%b3%d9%88%d9%82-%d8%a7%d9%84%d8%af%d9%88%d8%a7%d8%a1-%d8%a7%d9%84%d8%b3%d8%b9%d9%88%d8%af%d9%8a-2026,200,18,true,false,true,false,سوق الدواء السعودي 2026: رؤى واتجاهات | BioNixus,
/ar/blog/gcc-pharmaceuticals-market-arabic-2026,https://www.bionixus.com/ar/blog/gcc-pharmaceuticals-market-arabic-2026,200,18,true,false,true,false,GCC Pharmaceuticals Market Arabic 2026 | مدونة BioNixus,
/ar/blog/%d8%a3%d8%a8%d8%ad%d8%a7%d8%ab-%d8%a7%d9%84%d8%b3%d9%88%d9%82-%d8%a7%d9%84%d8%af%d9%88%d8%a7%d8%a6%d9%8a%d8%a9-%d9%81%d9%8a-%d8%a7%d9%84%d8%b4%d8%b1%d9%82-%d8%a7%d9%84%d8%a3%d9%88%d8%b3%d8%b7-%d9%88-%d8%af%d9%88%d9%84-%d8%a7%d9%84%d8%ae%d9%84%d9%8a%d8%ac-%d8%a7%d9%84%d8%b9%d8%b1%d8%a8%d9%8a,https://www.bionixus.com/ar/blog/%d8%a3%d8%a8%d8%ad%d8%a7%d8%ab-%d8%a7%d9%84%d8%b3%d9%88%d9%82-%d8%a7%d9%84%d8%af%d9%88%d8%a7%d8%a6%d9%8a%d8%a9-%d9%81%d9%8a-%d8%a7%d9%84%d8%b4%d8%b1%d9%82-%d8%a7%d9%84%d8%a3%d9%88%d8%b3%d8%b7-%d9%88-%d8%af%d9%88%d9%84-%d8%a7%d9%84%d8%ae%d9%84%d9%8a%d8%ac-%d8%a7%d9%84%d8%b9%d8%b1%d8%a8%d9%8a,200,19,true,false,true,false,أبحاث السوق الصيدلانية الشرق الأوسط والخليج 2026 | BioNixus,
/media,https://www.bionixus.com/media,200,118,true,false,true,false,Media Kit & Press Contact | BioNixus,Media kit
/news,https://www.bionixus.com/news,200,128,true,false,true,false,News & Press Releases | BioNixus Healthcare Market Research,News
/zh/methodology,https://www.bionixus.com/zh/methodology,200,133,true,false,true,false,Healthcare Research Methodology & Process | BioNixus,医疗健康市场研究方法
/zh/market-research-healthcare,https://www.bionixus.com/zh/market-research-healthcare,200,139,true,false,true,false,Healthcare Market Research | 欧洲与中东医药Healthcare市场研究,服务欧洲与中东制药决策的healthcare market research
/clinical-diagnostics-proposal-request,https://www.bionixus.com/clinical-diagnostics-proposal-request,200,145,true,false,true,false,Register for Clinical Diagnostics Proposal | BioNixus,Receive the full market assessment proposal
/de/success-in-startups,https://www.bionixus.com/de/success-in-startups,200,242,true,false,true,false,Erfolg in Healthcare Startups | BioNixus Blog (DE),Erfolgsfaktoren für Healthcare Startups
/real-world-evidence-gcc,https://www.bionixus.com/real-world-evidence-gcc,200,273,true,false,true,false,Real World Evidence GCC | BioNixus,Real World Evidence GCC
/de/contact,https://www.bionixus.com/de/contact,200,281,true,false,true,false,Kontakt BioNixus | Gesundheits- & Pharma-Marktforschung,Lassen Sie uns verbinden
/bionixus-ai-chatbots-increase-sales-and-lead-generation,https://www.bionixus.com/bionixus-ai-chatbots-increase-sales-and-lead-generation,200,286,true,false,true,false,AI Chatbots in Pharmaceutical Market Research | BioNixus,AI Chatbots for Healthcare Market Research and Lead Generation
/ar/arabic-blog-alsawdyh,https://www.bionixus.com/ar/arabic-blog-alsawdyh,200,295,true,false,true,false,المدونة العربية: أبحاث السوق الدوائي في السعودية | BioNixus,دليل أبحاث السوق الدوائي في السعودية
/fr/contacts,https://www.bionixus.com/fr/contacts,200,308,true,false,true,false,Contacter BioNixus | Études de marché santé & pharma,Connectons-nous
/es/contact,https://www.bionixus.com/es/contact,200,309,true,false,true,false,Contacto BioNixus | Investigación de Mercado Sanitaria,Conectemos
/insights,https://www.bionixus.com/insights,200,312,true,false,true,false,BioNixus Insights for Healthcare & Pharma Strategy,Why BioNixus Insights Matter in Healthcare and Pharmaceuticals
/ar/contacts,https://www.bionixus.com/ar/contacts,200,315,true,false,true,false,تواصل مع BioNixus | أبحاث السوق الصحي والدوائي,لنتواصل
/ar/market-research-healthcare,https://www.bionixus.com/ar/market-research-healthcare,200,319,true,false,true,false,Healthcare Market Research | ابحاث healthcare ودوائية لاو...,Healthcare market research لقرارات دوائية في اوروبا والشرق الاوسط
/es/market-access,https://www.bionixus.com/es/market-access,200,319,true,false,true,false,Market Access en Salud y Farma | BioNixus,Market Access para Farma y Healthcare
/de/market-research-healthcare,https://www.bionixus.com/de/market-research-healthcare,200,335,true,false,true,false,Healthcare Market Research | Pharma Healthcare Market Res...,Healthcare market research fuer pharmazeutische Entscheidungen in Europa und Nahost
/pt/contact,https://www.bionixus.com/pt/contact,200,336,true,false,true,false,Contact | BioNixus,Entre em Contato
/es/market-research-healthcare,https://www.bionixus.com/es/market-research-healthcare,200,346,true,false,true,false,Healthcare Market Research | Investigacion healthcare y f...,Healthcare market research para decisiones farmaceuticas en Europa y Oriente Medio
/fr/market-research-healthcare,https://www.bionixus.com/fr/market-research-healthcare,200,359,true,false,true,false,Healthcare Market Research | Recherche healthcare et phar...,Healthcare market research pour decisions pharmaceutiques en Europe et Moyen-Orient
/faq,https://www.bionixus.com/faq,200,360,true,false,true,false,FAQ | BioNixus Healthcare Market Research,Frequently Asked Questions
/insights/top-automotive-market-research-companies-egypt-2026,https://www.bionixus.com/insights/top-automotive-market-research-companies-egypt-2026,200,371,true,false,true,false,Top Automotive Market Research Companies in Egypt (2026)...,Top Automotive Market Research Companies in Egypt (2026)
/insights/top-automotive-market-research-companies-uae-2026,https://www.bionixus.com/insights/top-automotive-market-research-companies-uae-2026,200,371,true,false,true,false,Top Automotive Market Research Companies in UAE (2026) |...,Top Automotive Market Research Companies in UAE (2026)
/insights/top-education-market-research-companies-egypt-2026,https://www.bionixus.com/insights/top-education-market-research-companies-egypt-2026,200,371,true,false,true,false,Top Education Market Research Companies in Egypt (2026) |...,Top Education Market Research Companies in Egypt (2026)
/insights/top-education-market-research-companies-uae-2026,https://www.bionixus.com/insights/top-education-market-research-companies-uae-2026,200,371,true,false,true,false,Top Education Market Research Companies in UAE (2026) | B...,Top Education Market Research Companies in UAE (2026)
/ru/contact,https://www.bionixus.com/ru/contact,200,371,true,false,true,false,Contact | BioNixus,Один разговор может изменить ваш запуск.
/insights/top-energy-market-research-companies-egypt-2026,https://www.bionixus.com/insights/top-energy-market-research-companies-egypt-2026,200,372,true,false,true,false,Top Energy & Industrials Market Research Companies in Egy...,Top Energy &amp; Industrials Market Research Companies in Egypt (2026)
/insights/top-energy-market-research-companies-uae-2026,https://www.bionixus.com/insights/top-energy-market-research-companies-uae-2026,200,372,true,false,true,false,Top Energy & Industrials Market Research Companies in UAE...,Top Energy &amp; Industrials Market Research Companies in UAE (2026)
/insights/top-hospitality-market-research-companies-egypt-2026,https://www.bionixus.com/insights/top-hospitality-market-research-companies-egypt-2026,200,372,true,false,true,false,Top Hospitality & Tourism Market Research Companies in Eg...,Top Hospitality &amp; Tourism Market Research Companies in Egypt (2026)
/insights/top-hospitality-market-research-companies-uae-2026,https://www.bionixus.com/insights/top-hospitality-market-research-companies-uae-2026,200,372,true,false,true,false,Top Hospitality & Tourism Market Research Companies in UA...,Top Hospitality &amp; Tourism Market Research Companies in UAE (2026)
/insights/top-media-market-research-companies-egypt-2026,https://www.bionixus.com/insights/top-media-market-research-companies-egypt-2026,200,372,true,false,true,false,Top Media & Entertainment Market Research Companies in Eg...,Top Media &amp; Entertainment Market Research Companies in Egypt (2026)
/insights/top-media-market-research-companies-uae-2026,https://www.bionixus.com/insights/top-media-market-research-companies-uae-2026,200,372,true,false,true,false,Top Media & Entertainment Market Research Companies in UA...,Top Media &amp; Entertainment Market Research Companies in UAE (2026)
/insights/top-retail-market-research-companies-egypt-2026,https://www.bionixus.com/insights/top-retail-market-research-companies-egypt-2026,200,372,true,false,true,false,Top Retail & Shopper Market Research Companies in Egypt (...,Top Retail &amp; Shopper Market Research Companies in Egypt (2026)
/insights/top-retail-market-research-companies-uae-2026,https://www.bionixus.com/insights/top-retail-market-research-companies-uae-2026,200,372,true,false,true,false,Top Retail & Shopper Market Research Companies in UAE (20...,Top Retail &amp; Shopper Market Research Companies in UAE (2026)
/insights/top-telecom-market-research-companies-egypt-2026,https://www.bionixus.com/insights/top-telecom-market-research-companies-egypt-2026,200,372,true,false,true,false,Top Telecom & Connectivity Market Research Companies in E...,Top Telecom &amp; Connectivity Market Research Companies in Egypt (2026)
/insights/top-telecom-market-research-companies-uae-2026,https://www.bionixus.com/insights/top-telecom-market-research-companies-uae-2026,200,372,true,false,true,false,Top Telecom & Connectivity Market Research Companies in U...,Top Telecom &amp; Connectivity Market Research Companies in UAE (2026)
/contact,https://www.bionixus.com/contact,200,373,true,false,true,false,Contact BioNixus Healthcare Research Team | BioNixus,One conversation can change your launch.
/insights/top-biotech-market-research-companies-egypt-2026,https://www.bionixus.com/insights/top-biotech-market-research-companies-egypt-2026,200,373,true,false,true,false,Top Biotech & Life Sciences Market Research Companies in...,Top Biotech &amp; Life Sciences Market Research Companies in Egypt (2026)
/insights/top-biotech-market-research-companies-uae-2026,https://www.bionixus.com/insights/top-biotech-market-research-companies-uae-2026,200,373,true,false,true,false,Top Biotech & Life Sciences Market Research Companies in...,Top Biotech &amp; Life Sciences Market Research Companies in UAE (2026)
/insights/top-fmcg-market-research-companies-egypt-2026,https://www.bionixus.com/insights/top-fmcg-market-research-companies-egypt-2026,200,373,true,false,true,false,Top FMCG & Consumer Goods Market Research Companies in Eg...,Top FMCG &amp; Consumer Goods Market Research Companies in Egypt (2026)
/insights/top-fmcg-market-research-companies-uae-2026,https://www.bionixus.com/insights/top-fmcg-market-research-companies-uae-2026,200,373,true,false,true,false,Top FMCG & Consumer Goods Market Research Companies in UA...,Top FMCG &amp; Consumer Goods Market Research Companies in UAE (2026)
/insights/top-healthcare-market-research-companies-egypt-2026,https://www.bionixus.com/insights/top-healthcare-market-research-companies-egypt-2026,200,373,true,false,true,false,Top Healthcare Providers & Hospitals Market Research Comp...,Top Healthcare Providers &amp; Hospitals Market Research Companies in Egypt (2026)
/insights/top-healthcare-market-research-companies-uae-2026,https://www.bionixus.com/insights/top-healthcare-market-research-companies-uae-2026,200,373,true,false,true,false,Top Healthcare Providers & Hospitals Market Research Comp...,Top Healthcare Providers &amp; Hospitals Market Research Companies in UAE (2026)
/insights/top-medtech-market-research-companies-egypt-2026,https://www.bionixus.com/insights/top-medtech-market-research-companies-egypt-2026,200,373,true,false,true,false,Top MedTech & Medical Devices Market Research Companies i...,Top MedTech &amp; Medical Devices Market Research Companies in Egypt (2026)
/insights/top-medtech-market-research-companies-uae-2026,https://www.bionixus.com/insights/top-medtech-market-research-companies-uae-2026,200,373,true,false,true,false,Top MedTech & Medical Devices Market Research Companies i...,Top MedTech &amp; Medical Devices Market Research Companies in UAE (2026)
/insights/top-technology-market-research-companies-egypt-2026,https://www.bionixus.com/insights/top-technology-market-research-companies-egypt-2026,200,373,true,false,true,false,Top Technology & B2B Software Market Research Companies i...,Top Technology &amp; B2B Software Market Research Companies in Egypt (2026)
/insights/top-technology-market-research-companies-uae-2026,https://www.bionixus.com/insights/top-technology-market-research-companies-uae-2026,200,373,true,false,true,false,Top Technology & B2B Software Market Research Companies i...,Top Technology &amp; B2B Software Market Research Companies in UAE (2026)
/insights/top-consumer-health-market-research-companies-egypt-2026,https://www.bionixus.com/insights/top-consumer-health-market-research-companies-egypt-2026,200,386,true,false,true,false,Top Consumer Health & OTC Market Research Companies in Eg...,Top Consumer Health &amp; OTC Market Research Companies in Egypt (2026)
/insights/top-consumer-health-market-research-companies-uae-2026,https://www.bionixus.com/insights/top-consumer-health-market-research-companies-uae-2026,200,386,true,false,true,false,Top Consumer Health & OTC Market Research Companies in UA...,Top Consumer Health &amp; OTC Market Research Companies in UAE (2026)
/insights/top-financial-services-market-research-companies-egypt-2026,https://www.bionixus.com/insights/top-financial-services-market-research-companies-egypt-2026,200,386,true,false,true,false,Top Financial Services & Banking Market Research Companie...,Top Financial Services &amp; Banking Market Research Companies in Egypt (2026)
/insights/top-financial-services-market-research-companies-uae-2026,https://www.bionixus.com/insights/top-financial-services-market-research-companies-uae-2026,200,386,true,false,true,false,Top Financial Services & Banking Market Research Companie...,Top Financial Services &amp; Banking Market Research Companies in UAE (2026)
/insights/top-public-sector-market-research-companies-egypt-2026,https://www.bionixus.com/insights/top-public-sector-market-research-companies-egypt-2026,200,386,true,false,true,false,Top Public Sector & Government Market Research Companies...,Top Public Sector &amp; Government Market Research Companies in Egypt (2026)
/insights/top-public-sector-market-research-companies-uae-2026,https://www.bionixus.com/insights/top-public-sector-market-research-companies-uae-2026,200,386,true,false,true,false,Top Public Sector & Government Market Research Companies...,Top Public Sector &amp; Government Market Research Companies in UAE (2026)
/insights/top-real-estate-market-research-companies-egypt-2026,https://www.bionixus.com/insights/top-real-estate-market-research-companies-egypt-2026,200,386,true,false,true,false,Top Real Estate & Construction Market Research Companies...,Top Real Estate &amp; Construction Market Research Companies in Egypt (2026)
/insights/top-real-estate-market-research-companies-uae-2026,https://www.bionixus.com/insights/top-real-estate-market-research-companies-uae-2026,200,386,true,false,true,false,Top Real Estate & Construction Market Research Companies...,Top Real Estate &amp; Construction Market Research Companies in UAE (2026)
/insights/top-automotive-market-research-companies-saudi-arabia-2026,https://www.bionixus.com/insights/top-automotive-market-research-companies-saudi-arabia-2026,200,388,true,false,true,false,Top Automotive Market Research Companies in Saudi Arabia...,Top Automotive Market Research Companies in Saudi Arabia (2026)
/insights/top-education-market-research-companies-saudi-arabia-2026,https://www.bionixus.com/insights/top-education-market-research-companies-saudi-arabia-2026,200,388,true,false,true,false,Top Education Market Research Companies in Saudi Arabia (...,Top Education Market Research Companies in Saudi Arabia (2026)
/insights/top-energy-market-research-companies-saudi-arabia-2026,https://www.bionixus.com/insights/top-energy-market-research-companies-saudi-arabia-2026,200,389,true,false,true,false,Top Energy & Industrials Market Research Companies in Sau...,Top Energy &amp; Industrials Market Research Companies in Saudi Arabia (2026)
/insights/top-hospitality-market-research-companies-saudi-arabia-2026,https://www.bionixus.com/insights/top-hospitality-market-research-companies-saudi-arabia-2026,200,389,true,false,true,false,Top Hospitality & Tourism Market Research Companies in Sa...,Top Hospitality &amp; Tourism Market Research Companies in Saudi Arabia (2026)
/insights/top-media-market-research-companies-saudi-arabia-2026,https://www.bionixus.com/insights/top-media-market-research-companies-saudi-arabia-2026,200,389,true,false,true,false,Top Media & Entertainment Market Research Companies in Sa...,Top Media &amp; Entertainment Market Research Companies in Saudi Arabia (2026)
/insights/top-retail-market-research-companies-saudi-arabia-2026,https://www.bionixus.com/insights/top-retail-market-research-companies-saudi-arabia-2026,200,389,true,false,true,false,Top Retail & Shopper Market Research Companies in Saudi A...,Top Retail &amp; Shopper Market Research Companies in Saudi Arabia (2026)
/insights/top-telecom-market-research-companies-saudi-arabia-2026,https://www.bionixus.com/insights/top-telecom-market-research-companies-saudi-arabia-2026,200,389,true,false,true,false,Top Telecom & Connectivity Market Research Companies in S...,Top Telecom &amp; Connectivity Market Research Companies in Saudi Arabia (2026)
/insights/top-biotech-market-research-companies-saudi-arabia-2026,https://www.bionixus.com/insights/top-biotech-market-research-companies-saudi-arabia-2026,200,390,true,false,true,false,Top Biotech & Life Sciences Market Research Companies in...,Top Biotech &amp; Life Sciences Market Research Companies in Saudi Arabia (2026)
/insights/top-fmcg-market-research-companies-saudi-arabia-2026,https://www.bionixus.com/insights/top-fmcg-market-research-companies-saudi-arabia-2026,200,390,true,false,true,false,Top FMCG & Consumer Goods Market Research Companies in Sa...,Top FMCG &amp; Consumer Goods Market Research Companies in Saudi Arabia (2026)
/insights/top-healthcare-market-research-companies-saudi-arabia-2026,https://www.bionixus.com/insights/top-healthcare-market-research-companies-saudi-arabia-2026,200,390,true,false,true,false,Top Healthcare Providers & Hospitals Market Research Comp...,Top Healthcare Providers &amp; Hospitals Market Research Companies in Saudi Arabia (2026)
/insights/top-medtech-market-research-companies-saudi-arabia-2026,https://www.bionixus.com/insights/top-medtech-market-research-companies-saudi-arabia-2026,200,390,true,false,true,false,Top MedTech & Medical Devices Market Research Companies i...,Top MedTech &amp; Medical Devices Market Research Companies in Saudi Arabia (2026)
/insights/top-technology-market-research-companies-saudi-arabia-2026,https://www.bionixus.com/insights/top-technology-market-research-companies-saudi-arabia-2026,200,390,true,false,true,false,Top Technology & B2B Software Market Research Companies i...,Top Technology &amp; B2B Software Market Research Companies in Saudi Arabia (2026)
/case-studies,https://www.bionixus.com/case-studies,200,401,true,false,true,false,Healthcare & Pharmaceutical Case Studies | BioNixus,"Real-World Research.<br class=""hidden md:block""/> Measurable Results."
/insights/top-consumer-health-market-research-companies-saudi-arabia-2026,https://www.bionixus.com/insights/top-consumer-health-market-research-companies-saudi-arabia-2026,200,403,true,false,true,false,Top Consumer Health & OTC Market Research Companies in Sa...,Top Consumer Health &amp; OTC Market Research Companies in Saudi Arabia (2026)
/insights/top-financial-services-market-research-companies-saudi-arabia-2026,https://www.bionixus.com/insights/top-financial-services-market-research-companies-saudi-arabia-2026,200,403,true,false,true,false,Top Financial Services & Banking Market Research Companie...,Top Financial Services &amp; Banking Market Research Companies in Saudi Arabia (2026)
/insights/top-public-sector-market-research-companies-saudi-arabia-2026,https://www.bionixus.com/insights/top-public-sector-market-research-companies-saudi-arabia-2026,200,403,true,false,true,false,Top Public Sector & Government Market Research Companies...,Top Public Sector &amp; Government Market Research Companies in Saudi Arabia (2026)
/insights/top-real-estate-market-research-companies-saudi-arabia-2026,https://www.bionixus.com/insights/top-real-estate-market-research-companies-saudi-arabia-2026,200,403,true,false,true,false,Top Real Estate & Construction Market Research Companies...,Top Real Estate &amp; Construction Market Research Companies in Saudi Arabia (2026)
/qualitative-market-research,https://www.bionixus.com/qualitative-market-research,200,405,true,false,true,false,Qualitative Market Research for Healthcare and Pharma | B...,Qualitative Market Research for Pharmaceutical Strategy
/healthcare-market-research-agency-gcc,https://www.bionixus.com/healthcare-market-research-agency-gcc,200,424,true,false,true,false,Healthcare Market Research Companies GCC | Agency | BioNixus,Healthcare Market Research Companies in GCC for Pharmaceutical Launch and Access Decisions
/pharma-fieldwork-egypt,https://www.bionixus.com/pharma-fieldwork-egypt,200,452,true,false,true,false,Pharma Fieldwork Egypt | Physician & Pharmacy Research |...,Pharma Fieldwork Egypt
/kuwait-market-access-research,https://www.bionixus.com/kuwait-market-access-research,200,454,true,false,true,false,Market Access Research Kuwait | BioNixus,Market Access Research Kuwait
/pharma-fieldwork-saudi-arabia,https://www.bionixus.com/pharma-fieldwork-saudi-arabia,200,458,true,false,true,false,Pharma Fieldwork Saudi Arabia | Physician & Payer Researc...,Pharma Fieldwork Saudi Arabia
/pharma-fieldwork-uae,https://www.bionixus.com/pharma-fieldwork-uae,200,461,true,false,true,false,Pharma Fieldwork UAE | Physician & Payer Research | BioNixus,Pharma Fieldwork UAE
/healthcare-fieldwork-middle-east,https://www.bionixus.com/healthcare-fieldwork-middle-east,200,468,true,false,true,false,Healthcare Fieldwork Middle East | BioNixus,Healthcare Fieldwork Middle East
/ar/market-research-uae,https://www.bionixus.com/ar/market-research-uae,200,475,true,false,true,false,أبحاث السوق في الإمارات | BioNixus,أبحاث السوق في الإمارات
/global-websites,https://www.bionixus.com/global-websites,200,486,true,false,true,false,Global Websites | BioNixus Country & Regional Navigation,Global Websites
/heor-consulting-saudi-arabia,https://www.bionixus.com/heor-consulting-saudi-arabia,200,493,true,false,true,false,HEOR Consulting Saudi Arabia | BioNixus,HEOR Consulting Saudi Arabia
/qatar-market-access-research,https://www.bionixus.com/qatar-market-access-research,200,499,true,false,true,false,Market Access Research Qatar | BioNixus,Market Access Research Qatar
/patient-support-program-research-gcc,https://www.bionixus.com/patient-support-program-research-gcc,200,505,true,false,true,false,Patient Support Program Research GCC | BioNixus,Patient Support Program Research GCC
/gcc-hcp-recruitment-market-research,https://www.bionixus.com/gcc-hcp-recruitment-market-research,200,514,true,false,true,false,Physician Recruitment in Saudi Arabia and GCC | BioNixus,Physician Recruitment in Saudi Arabia and GCC
/budget-impact-model-saudi-arabia,https://www.bionixus.com/budget-impact-model-saudi-arabia,200,523,true,false,true,false,Budget Impact Model Saudi Arabia | BioNixus,Budget Impact Model Saudi Arabia
/saudi-payer-market-access-research,https://www.bionixus.com/saudi-payer-market-access-research,200,526,true,false,true,false,Saudi Payer Market Access Research | BioNixus,Saudi Payer Market Access Research
/uae-market-access-research,https://www.bionixus.com/uae-market-access-research,200,533,true,false,true,false,Market Access Research UAE | BioNixus,Market Access Research UAE
/zh/contact,https://www.bionixus.com/zh/contact,200,554,true,false,true,false,联系 BioNixus | 医疗与制药市场研究咨询,BioNixus医疗健康市场研究服务（欧洲、中东与非洲）
/resources,https://www.bionixus.com/resources,200,564,true,false,true,false,Resources | BioNixus — Healthcare Market Research Guides &,"Guides, Whitepapers &amp; Market Intelligence"
/global-websites/italy,https://www.bionixus.com/global-websites/italy,200,568,true,false,true,false,"Italy Pharmaceutical Market Research | AIFA, HTA | BioNixus",Pharmaceutical Market Research in Italy
/global-websites/germany,https://www.bionixus.com/global-websites/germany,200,569,true,false,true,false,"Germany Pharmaceutical Market Research | AMNOG, H | BioNixus",Pharmaceutical Market Research in Germany
/global-websites/spain,https://www.bionixus.com/global-websites/spain,200,574,true,false,true,false,Spain Pharmaceutical Market Research | HTA and Co | BioNixus,Pharmaceutical Market Research in Spain
/global-websites/france,https://www.bionixus.com/global-websites/france,200,576,true,false,true,false,"France Pharmaceutical Market Research | HAS, HTA | BioNixus",Pharmaceutical Market Research in France
/zh,https://www.bionixus.com/zh,200,580,true,false,true,false,EMEA Healthcare Market Research (Chinese) | BioNixus,BioNixus医疗健康市场研究服务（欧洲、中东与非洲）
/market-research-by-industry,https://www.bionixus.com/market-research-by-industry,200,601,true,false,true,false,"Market Research by Industry | Saudi Arabia, UAE & Egypt |...","Market Research by Industry — Saudi Arabia, UAE &amp; Egypt"
/global-websites/united-kingdom,https://www.bionixus.com/global-websites/united-kingdom,200,615,true,false,true,false,"UK Pharmaceutical Market Research | NHS, NICE and | BioNixus",Pharmaceutical Market Research in the United Kingdom
/global-websites/oman,https://www.bionixus.com/global-websites/oman,200,624,true,false,true,false,Oman Pharmaceutical Market Research | Public and | BioNixus,Pharmaceutical Market Research in Oman
/global-websites/bahrain,https://www.bionixus.com/global-websites/bahrain,200,626,true,false,true,false,Bahrain Pharmaceutical Market Research | Public a | BioNixus,Pharmaceutical Market Research in Bahrain
/global-websites/united-states,https://www.bionixus.com/global-websites/united-states,200,630,true,false,true,false,US Pharmaceutical Market Research | Physician Sur | BioNixus,Pharmaceutical Market Research in the United States
/ar/market-research-kuwait,https://www.bionixus.com/ar/market-research-kuwait,200,647,true,false,true,false,أبحاث السوق في الكويت | BioNixus,أبحاث السوق في الكويت
/global-websites/qatar,https://www.bionixus.com/global-websites/qatar,200,654,true,false,true,false,Qatar Pharmaceutical Market Research | Public and | BioNixus,Pharmaceutical Market Research in Qatar
/ar/market-research-egypt,https://www.bionixus.com/ar/market-research-egypt,200,655,true,false,true,false,Market Research Egypt | BioNixus,أبحاث السوق في مصر
/es/methodology,https://www.bionixus.com/es/methodology,200,663,true,false,true,false,Metodología de investigación de mercado sanitario | BioNixus,Metodología de investigación de mercado sanitario
/global-websites/saudi-arabia,https://www.bionixus.com/global-websites/saudi-arabia,200,663,true,false,true,false,Saudi Arabia Pharmaceutical Market Research | SFD | BioNixus,Pharmaceutical Market Research in Saudi Arabia
/egypt-education-market-research,https://www.bionixus.com/egypt-education-market-research,200,677,true,false,true,false,Education Market Research Company in Egypt | EDA Context...,Education Market Research Company in Egypt
/uae-media-market-research,https://www.bionixus.com/uae-media-market-research,200,677,true,false,true,false,Media Market Research Company in UAE | MOHAP Context | Bi...,Media &amp; Entertainment Market Research Company in UAE
/egypt-automotive-market-research,https://www.bionixus.com/egypt-automotive-market-research,200,678,true,false,true,false,Automotive Market Research Company in Egypt | EDA Context...,Automotive Market Research Company in Egypt
/egypt-media-market-research,https://www.bionixus.com/egypt-media-market-research,200,679,true,false,true,false,Media Market Research Company in Egypt | EDA Context | Bi...,Media &amp; Entertainment Market Research Company in Egypt
/egypt-energy-market-research,https://www.bionixus.com/egypt-energy-market-research,200,681,true,false,true,false,Energy Market Research Company in Egypt | EDA Context | B...,Energy &amp; Industrials Market Research Company in Egypt
/uae-education-market-research,https://www.bionixus.com/uae-education-market-research,200,681,true,false,true,false,Education Market Research Company in UAE | MOHAP Context...,Education Market Research Company in UAE
/uae-hospitality-market-research,https://www.bionixus.com/uae-hospitality-market-research,200,682,true,false,true,false,Hospitality Market Research Company in UAE | MOHAP Contex...,Hospitality &amp; Tourism Market Research Company in UAE
/market-research-kuwait,https://www.bionixus.com/market-research-kuwait,200,683,true,false,true,false,Market Research Kuwait | Pharma & Healthcare Research | B...,Market Research Kuwait
/uae-automotive-market-research,https://www.bionixus.com/uae-automotive-market-research,200,684,true,false,true,false,Automotive Market Research Company in UAE | MOHAP Context...,Automotive Market Research Company in UAE
/egypt-telecom-market-research,https://www.bionixus.com/egypt-telecom-market-research,200,686,true,false,true,false,Telecom Market Research Company in Egypt | EDA Context |...,Telecom &amp; Connectivity Market Research Company in Egypt
/uae-telecom-market-research,https://www.bionixus.com/uae-telecom-market-research,200,688,true,false,true,false,Telecom Market Research Company in UAE | MOHAP Context |...,Telecom &amp; Connectivity Market Research Company in UAE
/egypt-hospitality-market-research,https://www.bionixus.com/egypt-hospitality-market-research,200,690,true,false,true,false,Hospitality Market Research Company in Egypt | EDA Contex...,Hospitality &amp; Tourism Market Research Company in Egypt
/egypt-retail-market-research,https://www.bionixus.com/egypt-retail-market-research,200,691,true,false,true,false,Retail Market Research Company in Egypt | EDA Context | B...,Retail &amp; Shopper Market Research Company in Egypt
/uae-energy-market-research,https://www.bionixus.com/uae-energy-market-research,200,692,true,false,true,false,Energy Market Research Company in UAE | MOHAP Context | B...,Energy &amp; Industrials Market Research Company in UAE
/uae-retail-market-research,https://www.bionixus.com/uae-retail-market-research,200,693,true,false,true,false,Retail Market Research Company in UAE | MOHAP Context | B...,Retail &amp; Shopper Market Research Company in UAE
/market-research-egypt,https://www.bionixus.com/market-research-egypt,200,694,true,false,true,false,Market Research Egypt | Pharma & Healthcare Intelligence...,Market Research Egypt
/uae-technology-market-research,https://www.bionixus.com/uae-technology-market-research,200,694,true,false,true,false,Technology Market Research Company in UAE | MOHAP Context...,Technology &amp; B2B Software Market Research Company in UAE
/uae-fmcg-market-research,https://www.bionixus.com/uae-fmcg-market-research,200,696,true,false,true,false,FMCG Market Research Company in UAE | MOHAP Context | Bio...,FMCG &amp; Consumer Goods Market Research Company in UAE
/egypt-fmcg-market-research,https://www.bionixus.com/egypt-fmcg-market-research,200,698,true,false,true,false,FMCG Market Research Company in Egypt | EDA Context | Bio...,FMCG &amp; Consumer Goods Market Research Company in Egypt
/egypt-technology-market-research,https://www.bionixus.com/egypt-technology-market-research,200,698,true,false,true,false,Technology Market Research Company in Egypt | EDA Context...,Technology &amp; B2B Software Market Research Company in Egypt
/global-websites/kuwait,https://www.bionixus.com/global-websites/kuwait,200,698,true,false,true,false,"Kuwait Pharmaceutical Market Research | MOH, KFDA | BioNixus",Pharmaceutical Market Research in Kuwait
/egypt-public-sector-market-research,https://www.bionixus.com/egypt-public-sector-market-research,200,702,true,false,true,false,Public Sector Market Research Company in Egypt | EDA Cont...,Public Sector &amp; Government Market Research Company in Egypt
/global-websites/egypt,https://www.bionixus.com/global-websites/egypt,200,703,true,false,true,false,"Egypt Pharmaceutical Market Research | MOH, HCV E | BioNixus",Pharmaceutical Market Research in Egypt
/egypt-real-estate-market-research,https://www.bionixus.com/egypt-real-estate-market-research,200,704,true,false,true,false,Real Estate Market Research Company in Egypt | EDA Contex...,Real Estate &amp; Construction Market Research Company in Egypt
/uae-public-sector-market-research,https://www.bionixus.com/uae-public-sector-market-research,200,705,true,false,true,false,Public Sector Market Research Company in UAE | MOHAP Cont...,Public Sector &amp; Government Market Research Company in UAE
/saudi-arabia-education-market-research,https://www.bionixus.com/saudi-arabia-education-market-research,200,708,true,false,true,false,Education Market Research Company in Saudi Arabia | SFDA...,Education Market Research Company in Saudi Arabia
/uae-real-estate-market-research,https://www.bionixus.com/uae-real-estate-market-research,200,708,true,false,true,false,Real Estate Market Research Company in UAE | MOHAP Contex...,Real Estate &amp; Construction Market Research Company in UAE
/saudi-arabia-hospitality-market-research,https://www.bionixus.com/saudi-arabia-hospitality-market-research,200,712,true,false,true,false,Hospitality Market Research Company in Saudi Arabia | SFD...,Hospitality &amp; Tourism Market Research Company in Saudi Arabia
/saudi-arabia-automotive-market-research,https://www.bionixus.com/saudi-arabia-automotive-market-research,200,714,true,false,true,false,Automotive Market Research Company in Saudi Arabia | SFDA...,Automotive Market Research Company in Saudi Arabia
/saudi-arabia-media-market-research,https://www.bionixus.com/saudi-arabia-media-market-research,200,714,true,false,true,false,Media Market Research Company in Saudi Arabia | SFDA Cont...,Media &amp; Entertainment Market Research Company in Saudi Arabia
/uae-biotech-market-research,https://www.bionixus.com/uae-biotech-market-research,200,714,true,false,true,false,Biotech Market Research Company in UAE | MOHAP Context |...,Biotech &amp; Life Sciences Market Research Company in UAE
/egypt-biotech-market-research,https://www.bionixus.com/egypt-biotech-market-research,200,715,true,false,true,false,Biotech Market Research Company in Egypt | EDA Context |...,Biotech &amp; Life Sciences Market Research Company in Egypt
/egypt-financial-services-market-research,https://www.bionixus.com/egypt-financial-services-market-research,200,715,true,false,true,false,Financial Services Market Research Company in Egypt | EDA...,Financial Services &amp; Banking Market Research Company in Egypt
/uae-financial-services-market-research,https://www.bionixus.com/uae-financial-services-market-research,200,715,true,false,true,false,Financial Services Market Research Company in UAE | MOHAP...,Financial Services &amp; Banking Market Research Company in UAE
/saudi-arabia-energy-market-research,https://www.bionixus.com/saudi-arabia-energy-market-research,200,716,true,false,true,false,Energy Market Research Company in Saudi Arabia | SFDA Con...,Energy &amp; Industrials Market Research Company in Saudi Arabia
/saudi-arabia-retail-market-research,https://www.bionixus.com/saudi-arabia-retail-market-research,200,716,true,false,true,false,Retail Market Research Company in Saudi Arabia | SFDA Con...,Retail &amp; Shopper Market Research Company in Saudi Arabia
/egypt-healthcare-market-research,https://www.bionixus.com/egypt-healthcare-market-research,200,717,true,false,true,false,Healthcare Market Research Company in Egypt | EDA Context...,Healthcare Providers &amp; Hospitals Market Research Company in Egypt
/uae-healthcare-market-research,https://www.bionixus.com/uae-healthcare-market-research,200,717,true,false,true,false,Healthcare Market Research Company in UAE | MOHAP Context...,Healthcare Providers &amp; Hospitals Market Research Company in UAE
/egypt-consumer-health-market-research,https://www.bionixus.com/egypt-consumer-health-market-research,200,720,true,false,true,false,Consumer Health Market Research Company in Egypt | EDA Co...,Consumer Health &amp; OTC Market Research Company in Egypt
/saudi-arabia-telecom-market-research,https://www.bionixus.com/saudi-arabia-telecom-market-research,200,723,true,false,true,false,Telecom Market Research Company in Saudi Arabia | SFDA Co...,Telecom &amp; Connectivity Market Research Company in Saudi Arabia
/uae-consumer-health-market-research,https://www.bionixus.com/uae-consumer-health-market-research,200,723,true,false,true,false,Consumer Health Market Research Company in UAE | MOHAP Co...,Consumer Health &amp; OTC Market Research Company in UAE
/saudi-arabia-technology-market-research,https://www.bionixus.com/saudi-arabia-technology-market-research,200,725,true,false,true,false,Technology Market Research Company in Saudi Arabia | SFDA...,Technology &amp; B2B Software Market Research Company in Saudi Arabia
/saudi-arabia-fmcg-market-research,https://www.bionixus.com/saudi-arabia-fmcg-market-research,200,728,true,false,true,false,FMCG Market Research Company in Saudi Arabia | SFDA Conte...,FMCG &amp; Consumer Goods Market Research Company in Saudi Arabia
/saudi-arabia-real-estate-market-research,https://www.bionixus.com/saudi-arabia-real-estate-market-research,200,732,true,false,true,false,Real Estate Market Research Company in Saudi Arabia | SFD...,Real Estate &amp; Construction Market Research Company in Saudi Arabia
/uae-medtech-market-research,https://www.bionixus.com/uae-medtech-market-research,200,737,true,false,true,false,MedTech Market Research Company in UAE | MOHAP Context |...,MedTech &amp; Medical Devices Market Research Company in UAE
/saudi-arabia-public-sector-market-research,https://www.bionixus.com/saudi-arabia-public-sector-market-research,200,738,true,false,true,false,Public Sector Market Research Company in Saudi Arabia | S...,Public Sector &amp; Government Market Research Company in Saudi Arabia
/services,https://www.bionixus.com/services,200,739,true,false,true,false,Pharmaceutical & Healthcare Market Research Servi | BioNixus,Pharmaceutical and healthcare market research services across EMEA
/saudi-arabia-biotech-market-research,https://www.bionixus.com/saudi-arabia-biotech-market-research,200,740,true,false,true,false,Biotech Market Research Company in Saudi Arabia | SFDA Co...,Biotech &amp; Life Sciences Market Research Company in Saudi Arabia
/saudi-arabia-financial-services-market-research,https://www.bionixus.com/saudi-arabia-financial-services-market-research,200,740,true,false,true,false,Financial Services Market Research Company in Saudi Arabi...,Financial Services &amp; Banking Market Research Company in Saudi Arabia
/egypt-medtech-market-research,https://www.bionixus.com/egypt-medtech-market-research,200,741,true,false,true,false,MedTech Market Research Company in Egypt | EDA Context |...,MedTech &amp; Medical Devices Market Research Company in Egypt
/market-research-healthcare,https://www.bionixus.com/market-research-healthcare,200,746,true,false,true,false,Healthcare Market Research in Europe & the Middle East |...,Healthcare market research for pharmaceutical decisions in Europe and the Middle East
/pt/market-research-healthcare,https://www.bionixus.com/pt/market-research-healthcare,200,746,true,false,true,false,Healthcare Market Research in Europe & the Middle East |...,Healthcare market research for pharmaceutical decisions in Europe and the Middle East
/ru/market-research-healthcare,https://www.bionixus.com/ru/market-research-healthcare,200,746,true,false,true,false,Healthcare Market Research in Europe & the Middle East |...,Healthcare market research for pharmaceutical decisions in Europe and the Middle East
/saudi-arabia-consumer-health-market-research,https://www.bionixus.com/saudi-arabia-consumer-health-market-research,200,758,true,false,true,false,Consumer Health Market Research Company in Saudi Arabia |...,Consumer Health &amp; OTC Market Research Company in Saudi Arabia
/saudi-arabia-healthcare-market-research,https://www.bionixus.com/saudi-arabia-healthcare-market-research,200,758,true,false,true,false,Healthcare Market Research Company in Saudi Arabia | SFDA...,Healthcare Providers &amp; Hospitals Market Research Company in Saudi Arabia
/about,https://www.bionixus.com/about,200,760,true,false,true,false,About BioNixus | Pharmaceutical & Healthcare Market Research,A global pharmaceutical and healthcare market research company with deep regional roots
/ar/market-research-saudi,https://www.bionixus.com/ar/market-research-saudi,200,781,true,false,true,false,أبحاث السوق السعودية | BioNixus,أبحاث السوق في السعودية
/saudi-arabia-medtech-market-research,https://www.bionixus.com/saudi-arabia-medtech-market-research,200,781,true,false,true,false,MedTech Market Research Company in Saudi Arabia | SFDA Co...,MedTech &amp; Medical Devices Market Research Company in Saudi Arabia
/ar/market-research-ksa,https://www.bionixus.com/ar/market-research-ksa,200,805,true,false,true,false,أبحاث السوق في السعودية (KSA) | BioNixus,أبحاث السوق في السعودية
/market-research-saudi,https://www.bionixus.com/market-research-saudi,200,831,true,false,true,false,Market Research Saudi | Healthcare & Pharma Services | Bi...,Market Research Saudi
/mena-pharma-market-data,https://www.bionixus.com/mena-pharma-market-data,200,868,true,false,true,false,MENA Pharmaceutical Market Data 2026 | Statistics | BioNixus,MENA Pharmaceutical Market Data 2026
/de/blog,https://www.bionixus.com/de/blog,200,877,true,false,true,false,Healthcare Markt-Insights Blog | BioNixus,Healthcare Markt-Insights für DACH &amp; EMEA
/pt/blog,https://www.bionixus.com/pt/blog,200,889,true,false,true,false,Healthcare Market Research Blog | BioNixus,Healthcare Market Research Insights
/ru/blog,https://www.bionixus.com/ru/blog,200,889,true,false,true,false,Healthcare Market Research Blog | BioNixus,Healthcare Market Research Insights
/services/kol-stakeholder-mapping,https://www.bionixus.com/services/kol-stakeholder-mapping,200,894,true,false,true,false,KOL Mapping & Stakeholder Engagement | EMEA — BioNixus,KOL &amp; Stakeholder Mapping
/ar/blog,https://www.bionixus.com/ar/blog,200,900,true,false,true,false,المدونة العربية: أبحاث السوق الصحي والدوائي | BioNixus,تحديثات عربية لأبحاث الرعاية الصحية والدواء
/fr/blog,https://www.bionixus.com/fr/blog,200,911,true,false,true,false,Blog Insights Marché Santé | BioNixus,Insights marché santé pour la France &amp; l’EMEA
/fr/methodology,https://www.bionixus.com/fr/methodology,200,916,true,false,true,false,Méthodologie des études de marché santé | BioNixus,Méthodologie des études de marché santé
/real-world-evidence,https://www.bionixus.com/real-world-evidence,200,919,true,false,true,false,Real World Evidence (RWE) for Pharma | BioNixus EMEA & MENA,Real World Evidence (RWE) for Pharmaceutical and Biotech Teams
/market-research-ksa,https://www.bionixus.com/market-research-ksa,200,925,true,false,true,false,Market Research KSA | Pharma & Healthcare Intelligence |...,Market Research KSA
/services/qualitative-research,https://www.bionixus.com/services/qualitative-research,200,929,true,false,true,false,Qualitative Pharma Research | KOL Interviews EMEA — BioNixus,Qualitative Pharmaceutical Research &amp; Expert Insights
/gcc-pharmaceutical-market-research,https://www.bionixus.com/gcc-pharmaceutical-market-research,200,943,true,false,true,false,GCC Biologics Market & Generic Injectables Resear | BioNixus,"GCC Pharmaceutical Market Research — Biologics, Generic Injectables &amp; Precision Medicine 2026"
/services/competitive-intelligence,https://www.bionixus.com/services/competitive-intelligence,200,946,true,false,true,false,Pharmaceutical Competitive Intelligence | Pipeline Analysis,Competitive Intelligence
/de/methodology,https://www.bionixus.com/de/methodology,200,951,true,false,true,false,Methodik der Gesundheitsmarktforschung | BioNixus,Methodik der Gesundheitsmarktforschung
/services/quantitative-research,https://www.bionixus.com/services/quantitative-research,200,952,true,false,true,false,Quantitative Healthcare Research | Physician Surveys EMEA,Quantitative Healthcare Research &amp; Physician Surveys
/services/market-access,https://www.bionixus.com/services/market-access,200,958,true,false,true,false,Market Access Consulting | HTA Strategy EMEA — BioNixus,Market Access &amp; HTA Strategy
/physician-survey-saudi-arabia,https://www.bionixus.com/physician-survey-saudi-arabia,200,964,true,false,true,false,Saudi Physician Surveys (2026) | BioNixus,How to Conduct Physician Surveys in Saudi Arabia: A Complete Guide for Pharma Teams
/services/clinical-trial-support,https://www.bionixus.com/services/clinical-trial-support,200,1005,true,false,true,false,Clinical Trial Support | Site Identification EMEA — BioNixus,Clinical Trial Support
/global-websites/united-arab-emirates,https://www.bionixus.com/global-websites/united-arab-emirates,200,1012,true,false,true,false,Pharmaceutical & Healthcare Market Research in Du | BioNixus,Pharmaceutical &amp; Healthcare Market Research in Dubai &amp; UAE
/ar/methodology,https://www.bionixus.com/ar/methodology,200,1047,true,false,true,false,منهجية أبحاث السوق الصحي | BioNixus,منهجية أبحاث السوق الصحي والدوائي
/sfda-market-access-strategy-saudi-arabia,https://www.bionixus.com/sfda-market-access-strategy-saudi-arabia,200,1068,true,false,true,false,SFDA Market Access Strategy KSA | BioNixus,SFDA Market Access Strategy in Saudi Arabia: 2026 Complete Guide
/kol-mapping-saudi-arabia-oncology,https://www.bionixus.com/kol-mapping-saudi-arabia-oncology,200,1096,true,false,true,false,KOL Mapping for Oncology in Saudi Arabia | BioNixus MENA Research,"KOL Mapping for Oncology in Saudi Arabia: Methodology, Data, and Engagement Strategy"
/healthcare-market-research/services/quantitative-research,https://www.bionixus.com/healthcare-market-research/services/quantitative-research,200,1155,true,false,true,false,quantitative research Healthcare Research Service | BioNixus,Quantitative research research service
/market-research-uae,https://www.bionixus.com/market-research-uae,200,1173,true,false,true,false,Market Research in UAE | Healthcare & Pharma Market Resea...,Market Research in the UAE
/healthcare-market-research/services/physician-insights,https://www.bionixus.com/healthcare-market-research/services/physician-insights,200,1174,true,false,true,false,physician insights Healthcare Research Service | BioNixus,Physician insights research service
/ar/insights/top-market-research-companies-egypt-2026,https://www.bionixus.com/ar/insights/top-market-research-companies-egypt-2026,200,1179,true,false,true,false,أفضل شركات أبحاث السوق في مصر (دليل 2026) | BioNixus,أفضل شركات أبحاث السوق في مصر (دليل 2026)
/healthcare-market-research/services/qualitative-research,https://www.bionixus.com/healthcare-market-research/services/qualitative-research,200,1179,true,false,true,false,qualitative research Healthcare Research Service | BioNixus,Qualitative research research service
/healthcare-market-research/services/kol-mapping,https://www.bionixus.com/healthcare-market-research/services/kol-mapping,200,1188,true,false,true,false,kol mapping Healthcare Research Service | BioNixus,Kol mapping research service
/market-research-home,https://www.bionixus.com/market-research-home,200,1190,true,false,true,false,Market research data insights | BioNixus Consultancy,Market Research Precise Accurate Data
/pharmaceutical-therapy-areas,https://www.bionixus.com/pharmaceutical-therapy-areas,200,1212,true,false,true,false,Pharmaceutical Therapy Areas Market Research | 12 | BioNixus,"Pharmaceutical Therapy Areas Market Research Across MENA, UK, and Europe"
/healthcare-market-research/services/market-access,https://www.bionixus.com/healthcare-market-research/services/market-access,200,1230,true,false,true,false,market access Healthcare Research Service | BioNixus,Market access research service
/strategic-portfolio,https://www.bionixus.com/strategic-portfolio,200,1232,true,false,true,false,BioNixus Strategic Portfolio | Market Research &amp; Consulting,Market research &amp; <em>strategic consulting</em> portfolio
/methodology,https://www.bionixus.com/methodology,200,1298,true,false,true,false,Healthcare Market Research Methodology | BioNixus,Healthcare Market Research Methodology
/pt,https://www.bionixus.com/pt,200,1298,true,false,true,false,Pt | BioNixus,Serviços de Pesquisa de Mercado em Saúde da BioNixus
/ar/strategic-portfolio,https://www.bionixus.com/ar/strategic-portfolio,200,1334,true,false,true,false,محفظة BioNixus الاستراتيجية | أبحاث السوق والاستشارات,أبحاث السوق و<em>الاستشارات الاستراتيجية</em>
/healthcare-market-research/therapy/respiratory,https://www.bionixus.com/healthcare-market-research/therapy/respiratory,200,1372,true,false,true,false,Respiratory Market Research | BioNixus,Respiratory market research
/ru,https://www.bionixus.com/ru,200,1373,true,false,true,false,Ru | BioNixus,Маркетинговые исследования в сфере здравоохранения для фармацевтических компаний
/healthcare-market-research/therapy/cardiology,https://www.bionixus.com/healthcare-market-research/therapy/cardiology,200,1375,true,false,true,false,Cardiology Market Research | BioNixus,Cardiology market research
/biosimilar-market-entry-saudi-arabia,https://www.bionixus.com/biosimilar-market-entry-saudi-arabia,200,1376,true,false,true,false,Biosimilar Entry Saudi Arabia (2026) | BioNixus,Biosimilar Market Entry in Saudi Arabia: 2026 Strategy Guide
/healthcare-market-research/therapy/diabetes,https://www.bionixus.com/healthcare-market-research/therapy/diabetes,200,1384,true,false,true,false,Diabetes Market Research | BioNixus,Diabetes market research
/healthcare-market-research/therapy/vaccines,https://www.bionixus.com/healthcare-market-research/therapy/vaccines,200,1388,true,false,true,false,Vaccines Market Research | BioNixus,Vaccines market research
/healthcare-market-research/therapy/aesthetic-medicine,https://www.bionixus.com/healthcare-market-research/therapy/aesthetic-medicine,200,1412,true,false,true,false,Aesthetic Medicine Market Research | BioNixus,Aesthetic medicine market research
/de,https://www.bionixus.com/de,200,1420,true,false,true,false,Gesundheitsmarktforschung EMEA | Pharma-Insights Deutschl...,BioNixus Gesundheitsmarktforschungsdienste für pharmazeutische Teams in EMEA
/gcc-market-access-guide,https://www.bionixus.com/gcc-market-access-guide,200,1459,true,false,true,false,GCC Pharmaceutical Market Access Guide 2026 | SFD | BioNixus,"GCC pharmaceutical market access guide 2026 — registration, pricing, and reimbursement"
/market-research,https://www.bionixus.com/market-research,200,1483,true,false,true,false,Market Research Services Hub | Healthcare & Pharm | BioNixus,Market research services for healthcare and pharma
/uae-pharmaceutical-market-research,https://www.bionixus.com/uae-pharmaceutical-market-research,200,1532,true,false,true,false,"Healthcare Market Research Company in UAE | DHA, DOH & MO...",Healthcare &amp; Pharmaceutical Market Research Company in UAE
/egypt-pharmaceutical-market-research,https://www.bionixus.com/egypt-pharmaceutical-market-research,200,1550,true,false,true,false,Healthcare Market Research Company in Egypt | EDA & MENA...,Healthcare &amp; Pharmaceutical Market Research Company in Egypt
/pharmacies-saudi-arabia-marketing,https://www.bionixus.com/pharmacies-saudi-arabia-marketing,200,1591,true,false,true,false,Pharmacy Market Research Saudi Arabia: Boost Retail Sales...,Market Research &amp; Marketing Automation for Pharmacies in Saudi Arabia
/market-research-saudi-arabia-pharmaceutical,https://www.bionixus.com/market-research-saudi-arabia-pharmaceutical,200,1605,true,false,true,false,Healthcare Market Research Company in Saudi Arabia | SFDA...,Healthcare &amp; Pharmaceutical Market Research Company in Saudi Arabia
/insights/top-consumer-healthcare-market-research-firms-2026,https://www.bionixus.com/insights/top-consumer-healthcare-market-research-firms-2026,200,1619,true,false,true,false,Top Consumer Healthcare Market Research Firms (20 | BioNixus,Top Consumer Healthcare Market Research Firms (2026 Guide)
/healthcare-market-research/therapy/rare-diseases,https://www.bionixus.com/healthcare-market-research/therapy/rare-diseases,200,1638,true,false,true,false,Rare Disease & Orphan Drug Market Research | BioNixus,Rare disease market research
/insights/top-market-research-companies-brazil-2026,https://www.bionixus.com/insights/top-market-research-companies-brazil-2026,200,1639,true,false,true,false,Best Market Research Companies in Brazil (2026 Guide) | Bio,Best Market Research Companies in Brazil (2026 Guide)
/insights/top-market-research-companies-argentina-2026,https://www.bionixus.com/insights/top-market-research-companies-argentina-2026,200,1649,true,false,true,false,Best Market Research Companies in Argentina (2026 Guide),Best Market Research Companies in Argentina (2026 Guide)
/,https://www.bionixus.com/,200,1661,true,false,true,false,BioNixus | Pharmaceutical & Healthcare Market Research,"Pharmaceutical and healthcare market research for confident launch, access, and growth"
/healthcare-market-research/therapy/oncology,https://www.bionixus.com/healthcare-market-research/therapy/oncology,200,1674,true,false,true,false,Oncology Market Research | BioNixus,Oncology market research
/clinical-diagnostics-market-research,https://www.bionixus.com/clinical-diagnostics-market-research,200,1688,true,false,true,false,Clinical Diagnostics Market Research | QC & Immunohematol...,Clinical Diagnostics Market Assessment
/insights/top-healthcare-market-research-companies-brazil-2026,https://www.bionixus.com/insights/top-healthcare-market-research-companies-brazil-2026,200,1696,true,false,true,false,Best Healthcare Market Research Companies in Brazil (2026),Best Healthcare Market Research Companies in Brazil (2026 Guide)
/insights/top-healthcare-market-research-companies-riyadh-2026,https://www.bionixus.com/insights/top-healthcare-market-research-companies-riyadh-2026,200,1715,true,false,true,false,Top Market Research Companies in Riyadh (2026 Gui | BioNixus,Top Market Research Companies in Riyadh (2026 Guide)
/insights/top-healthcare-market-research-companies-argentina-2026,https://www.bionixus.com/insights/top-healthcare-market-research-companies-argentina-2026,200,1721,true,false,true,false,Best Healthcare Market Research Companies in Argentina (202,Best Healthcare Market Research Companies in Argentina (2026 Guide)
/bionixus-market-research-middle-east,https://www.bionixus.com/bionixus-market-research-middle-east,200,1738,true,false,true,false,Middle East Pharmaceutical Market Research | GCC | BioNixus,Middle East Pharmaceutical Market Research That Moves GCC Launch Decisions Faster
/es,https://www.bionixus.com/es,200,1744,true,false,true,false,Investigación de Mercado Sanitario EMEA | Insights Farmac...,BioNixus — Servicios de investigación de mercado sanitario y farmacéutico en EMEA
/fr,https://www.bionixus.com/fr,200,1773,true,false,true,false,Études de Marché Santé EMEA | Insights Pharma France Europe,BioNixus — Services d&#x27;études de marché santé pour l&#x27;industrie pharmaceutique
/pt/insights/top-market-research-companies-brasil-2026,https://www.bionixus.com/pt/insights/top-market-research-companies-brasil-2026,200,1804,true,false,true,false,Melhores Empresas de Pesquisa de Mercado no Brasil (Guia 20,Melhores Empresas de Pesquisa de Mercado no Brasil (Guia 2026)
/pharmaceutical-companies-iraq,https://www.bionixus.com/pharmaceutical-companies-iraq,200,1822,true,false,true,false,Pharmaceutical Companies in Iraq | Industry Guide | BioNixus,Pharmaceutical Companies in Iraq
/insights/top-market-research-companies-egypt-2026,https://www.bionixus.com/insights/top-market-research-companies-egypt-2026,200,1835,true,false,true,false,Top Market Research Companies in Egypt (2026 Guid | BioNixus,Top Market Research Companies in Egypt (2026 Guide)
/pharmaceutical-market-research-dubai,https://www.bionixus.com/pharmaceutical-market-research-dubai,200,1854,true,false,true,false,Pharmaceutical Market Research Companies in Dubai | BioNixus,Pharmaceutical Market Research Companies in Dubai — BioNixus UAE
/pharmaceutical-companies-iran,https://www.bionixus.com/pharmaceutical-companies-iran,200,1861,true,false,true,false,Pharmaceutical Companies in Iran | Industry Guide | BioNixus,Pharmaceutical Companies in Iran
/insights/top-market-research-companies-abu-dhabi-2026,https://www.bionixus.com/insights/top-market-research-companies-abu-dhabi-2026,200,1865,true,false,true,false,Top Market Research Companies in Abu Dhabi (2026 | BioNixus,Top Market Research Companies in Abu Dhabi (2026 Guide)
/bionixus-vs-iqvia-mena,https://www.bionixus.com/bionixus-vs-iqvia-mena,200,1911,true,false,true,false,BioNixus vs IQVIA MENA Research (2026) | BioNixus,BioNixus vs IQVIA for MENA Healthcare Research: Direct Comparison 2026
/es/insights/top-empresas-investigacion-mercado-argentina-2026,https://www.bionixus.com/es/insights/top-empresas-investigacion-mercado-argentina-2026,200,1914,true,false,true,false,Mejores Empresas de Investigación de Mercado en A | BioNixus,Top Empresas de Investigación de Mercado en Argentina (Guía 2026)
/insights/top-market-research-companies-riyadh-2026,https://www.bionixus.com/insights/top-market-research-companies-riyadh-2026,200,1973,true,false,true,false,Top Market Research Companies in Riyadh (2026 Gui | BioNixus,Top Market Research Companies in Riyadh (2026 Guide)
/kantar-health-alternative-gcc,https://www.bionixus.com/kantar-health-alternative-gcc,200,1986,true,false,true,false,Kantar Health Alternative in GCC & Middle East | BioNixus,Kantar Health Alternative for GCC and Middle East — BioNixus
/gfk-alternative-egypt,https://www.bionixus.com/gfk-alternative-egypt,200,2038,true,true,false,false,GfK Alternative in Egypt — International Market Research | BioNixus,GfK Alternative in Egypt — International Market Research by BioNixus
/healthcare-market-research/kuwait,https://www.bionixus.com/healthcare-market-research/kuwait,200,2043,true,true,false,false,Pharmaceutical Market Research in Kuwait | BioNixus,Pharmaceutical Market Research in Kuwait
/insights/top-market-research-companies-dubai-2026,https://www.bionixus.com/insights/top-market-research-companies-dubai-2026,200,2046,true,true,false,false,Top Market Research Companies in Dubai (2026 Guid | BioNixus,Top Market Research Companies in Dubai (2026 Guide)
/healthcare-market-research/europe,https://www.bionixus.com/healthcare-market-research/europe,200,2068,true,true,false,false,Pharmaceutical Market Research in Europe | BioNixus,Pharmaceutical Market Research Across Europe
/healthcare-market-research/riyadh,https://www.bionixus.com/healthcare-market-research/riyadh,200,2069,true,true,false,false,Pharmaceutical Market Research in Riyadh | BioNixus,Pharmaceutical Market Research in Riyadh
/healthcare-market-research/dubai,https://www.bionixus.com/healthcare-market-research/dubai,200,2074,true,true,false,false,Pharmaceutical Market Research in Dubai | BioNixus,Pharmaceutical Market Research in Dubai
/pharmaceutical-companies-bahrain,https://www.bionixus.com/pharmaceutical-companies-bahrain,200,2074,true,true,false,false,Pharmaceutical Companies in Bahrain | Industry Gu | BioNixus,Pharmaceutical Companies in Bahrain
/healthcare-market-research/jeddah,https://www.bionixus.com/healthcare-market-research/jeddah,200,2078,true,true,false,false,Pharmaceutical Market Research in Jeddah | BioNixus,Pharmaceutical Market Research in Jeddah
/insights/top-market-research-companies-uae-2026,https://www.bionixus.com/insights/top-market-research-companies-uae-2026,200,2086,true,true,false,false,Top Market Research Companies in the UAE (2026 Gu | BioNixus,Top Market Research Companies in the UAE (2026 Guide)
/healthcare-market-research/china,https://www.bionixus.com/healthcare-market-research/china,200,2091,true,true,false,false,Pharmaceutical Market Research in China | BioNixus,Pharmaceutical Market Research in China
/healthcare-market-research/japan,https://www.bionixus.com/healthcare-market-research/japan,200,2091,true,true,false,false,Pharmaceutical Market Research in Japan | BioNixus,Pharmaceutical Market Research in Japan
/healthcare-market-research/singapore,https://www.bionixus.com/healthcare-market-research/singapore,200,2091,true,true,false,false,Pharmaceutical Market Research in Singapore | BioNixus,Pharmaceutical Market Research in Singapore
/healthcare-market-research/turkey,https://www.bionixus.com/healthcare-market-research/turkey,200,2091,true,true,false,false,Pharmaceutical Market Research in Turkey | BioNixus,Pharmaceutical Market Research in Turkey
/healthcare-market-research/bahrain,https://www.bionixus.com/healthcare-market-research/bahrain,200,2092,true,true,false,false,Pharmaceutical Market Research in Bahrain | BioNixus,Pharmaceutical Market Research in Bahrain
/healthcare-market-research/canada,https://www.bionixus.com/healthcare-market-research/canada,200,2092,true,true,false,false,Pharmaceutical Market Research in Canada | BioNixus,Pharmaceutical Market Research in Canada
/healthcare-market-research/qatar,https://www.bionixus.com/healthcare-market-research/qatar,200,2092,true,true,false,false,Pharmaceutical Market Research in Qatar | BioNixus,Pharmaceutical Market Research in Qatar
/healthcare-market-research/algeria,https://www.bionixus.com/healthcare-market-research/algeria,200,2093,true,true,false,false,Pharmaceutical Market Research in Algeria | BioNixus,Pharmaceutical Market Research in Algeria
/healthcare-market-research/iraq,https://www.bionixus.com/healthcare-market-research/iraq,200,2093,true,true,false,false,Pharmaceutical Market Research in Iraq | BioNixus,Pharmaceutical Market Research in Iraq
/healthcare-market-research/jordan,https://www.bionixus.com/healthcare-market-research/jordan,200,2093,true,true,false,false,Pharmaceutical Market Research in Jordan | BioNixus,Pharmaceutical Market Research in Jordan
/healthcare-market-research/kenya,https://www.bionixus.com/healthcare-market-research/kenya,200,2093,true,true,false,false,Pharmaceutical Market Research in Kenya | BioNixus,Pharmaceutical Market Research in Kenya
/healthcare-market-research/lebanon,https://www.bionixus.com/healthcare-market-research/lebanon,200,2093,true,true,false,false,Pharmaceutical Market Research in Lebanon | BioNixus,Pharmaceutical Market Research in Lebanon
/healthcare-market-research/libya,https://www.bionixus.com/healthcare-market-research/libya,200,2093,true,true,false,false,Pharmaceutical Market Research in Libya | BioNixus,Pharmaceutical Market Research in Libya
/healthcare-market-research/mexico,https://www.bionixus.com/healthcare-market-research/mexico,200,2093,true,true,false,false,Pharmaceutical Market Research in Mexico | BioNixus,Pharmaceutical Market Research in Mexico
/healthcare-market-research/morocco,https://www.bionixus.com/healthcare-market-research/morocco,200,2093,true,true,false,false,Pharmaceutical Market Research in Morocco | BioNixus,Pharmaceutical Market Research in Morocco
/healthcare-market-research/nigeria,https://www.bionixus.com/healthcare-market-research/nigeria,200,2093,true,true,false,false,Pharmaceutical Market Research in Nigeria | BioNixus,Pharmaceutical Market Research in Nigeria
/healthcare-market-research/tunisia,https://www.bionixus.com/healthcare-market-research/tunisia,200,2093,true,true,false,false,Pharmaceutical Market Research in Tunisia | BioNixus,Pharmaceutical Market Research in Tunisia
/healthcare-market-research/oman,https://www.bionixus.com/healthcare-market-research/oman,200,2094,true,true,false,false,Pharmaceutical Market Research in Oman | BioNixus,Pharmaceutical Market Research in Oman
/healthcare-market-research/denmark,https://www.bionixus.com/healthcare-market-research/denmark,200,2095,true,true,false,false,Pharmaceutical Market Research in Denmark | BioNixus,Pharmaceutical Market Research in Denmark
/healthcare-market-research/france,https://www.bionixus.com/healthcare-market-research/france,200,2095,true,true,false,false,Pharmaceutical Market Research in France | BioNixus,Pharmaceutical Market Research in France
/healthcare-market-research/italy,https://www.bionixus.com/healthcare-market-research/italy,200,2095,true,true,false,false,Pharmaceutical Market Research in Italy | BioNixus,Pharmaceutical Market Research in Italy
/healthcare-market-research/spain,https://www.bionixus.com/healthcare-market-research/spain,200,2095,true,true,false,false,Pharmaceutical Market Research in Spain | BioNixus,Pharmaceutical Market Research in Spain
/healthcare-market-research/sweden,https://www.bionixus.com/healthcare-market-research/sweden,200,2095,true,true,false,false,Pharmaceutical Market Research in Sweden | BioNixus,Pharmaceutical Market Research in Sweden
/healthcare-market-research/switzerland,https://www.bionixus.com/healthcare-market-research/switzerland,200,2095,true,true,false,false,Pharmaceutical Market Research in Switzerland | BioNixus,Pharmaceutical Market Research in Switzerland
/healthcare-market-research/germany,https://www.bionixus.com/healthcare-market-research/germany,200,2097,true,true,false,false,Pharmaceutical Market Research in Germany | BioNixus,Pharmaceutical Market Research in Germany
/iqvia-alternative,https://www.bionixus.com/iqvia-alternative,200,2098,true,true,false,false,IQVIA Competitors &amp; Alternatives for Pharma Market Research | BioNixus,IQVIA Competitors &amp; Alternatives Built for How Pharma Really Works
/healthcare-market-research/abu-dhabi,https://www.bionixus.com/healthcare-market-research/abu-dhabi,200,2111,true,true,false,false,Pharmaceutical Market Research in Abu Dhabi | BioNixus,Pharmaceutical Market Research in Abu Dhabi
/insights/best-rare-disease-market-research-companies-2026,https://www.bionixus.com/insights/best-rare-disease-market-research-companies-2026,200,2115,true,true,false,false,Best Rare Disease Market Research Companies (2026 | BioNixus,Best Rare Disease Market Research Companies (2026)
/insights/top-oncology-market-research-companies-2026,https://www.bionixus.com/insights/top-oncology-market-research-companies-2026,200,2117,true,true,false,false,Top Oncology Market Research Companies (2026) | BioNixus,Top Oncology Market Research Companies (2026)
/es/insights/top-empresas-investigacion-mercado-salud-argentina-2026,https://www.bionixus.com/es/insights/top-empresas-investigacion-mercado-salud-argentina-2026,200,2126,true,true,false,false,Top Empresas de Investigación de Mercado en Salud | BioNixus,Top Empresas de Investigación de Mercado en Salud en Argentina (Guía 2026)
/healthcare-market-research/uk,https://www.bionixus.com/healthcare-market-research/uk,200,2127,true,true,false,false,Pharmaceutical Market Research in United Kingdom | BioNixus,Pharmaceutical Market Research in the United Kingdom
/pharmaceutical-companies-oman,https://www.bionixus.com/pharmaceutical-companies-oman,200,2135,true,true,false,false,Pharmaceutical Companies in Oman | Industry Guide | BioNixus,Pharmaceutical Companies in Oman
/healthcare-market-research/south-africa,https://www.bionixus.com/healthcare-market-research/south-africa,200,2140,true,true,false,false,Pharmaceutical Market Research in South Africa | BioNixus,Pharmaceutical Market Research in South Africa
/healthcare-market-research/united-states,https://www.bionixus.com/healthcare-market-research/united-states,200,2140,true,true,false,false,Pharmaceutical Market Research in United States | BioNixus,Pharmaceutical Market Research in United States
/insights/top-market-research-companies-ksa-2026,https://www.bionixus.com/insights/top-market-research-companies-ksa-2026,200,2140,true,true,false,false,Top Market Research Companies in Saudi Arabia (20 | BioNixus,Top Market Research Companies in Saudi Arabia (2026 Guide)
/insights/top-market-research-companies-saudi-arabia-2026,https://www.bionixus.com/insights/top-market-research-companies-saudi-arabia-2026,200,2140,true,true,false,false,Top Market Research Companies in Saudi Arabia (20 | BioNixus,Top Market Research Companies in Saudi Arabia (2026 Guide)
/pt/insights/top-empresas-pesquisa-mercado-saude-brasil-2026,https://www.bionixus.com/pt/insights/top-empresas-pesquisa-mercado-saude-brasil-2026,200,2163,true,true,false,false,Top Empresas de Pesquisa de Mercado em Saúde no B | BioNixus,Top Empresas de Pesquisa de Mercado em Saúde no Brasil (Guia 2026)
/healthcare-market-research/egypt,https://www.bionixus.com/healthcare-market-research/egypt,200,2171,true,true,false,false,Healthcare Market Research in Egypt | Pharma & Consumer |...,Healthcare Market Research in Egypt
/healthcare-market-research/united-arab-emirates,https://www.bionixus.com/healthcare-market-research/united-arab-emirates,200,2187,true,true,false,false,Pharmaceutical Market Research in United Arab Emirates |...,Pharmaceutical Market Research in United Arab Emirates
/pharmaceutical-companies-egypt,https://www.bionixus.com/pharmaceutical-companies-egypt,200,2201,true,true,false,false,Pharmaceutical Companies in Egypt | Industry Guid | BioNixus,Pharmaceutical Companies in Egypt
/healthcare-market-research/uae,https://www.bionixus.com/healthcare-market-research/uae,200,2216,true,true,false,false,Healthcare Market Research in UAE | Pharma & Pharmaceutic...,Pharmaceutical Market Research in the UAE
/healthcare-market-research/therapy/biologics,https://www.bionixus.com/healthcare-market-research/therapy/biologics,200,2227,true,true,false,false,Biologics Research Guide: Biosimilars & Market Access | B...,Biologics market research guide
/pharmaceutical-companies-qatar,https://www.bionixus.com/pharmaceutical-companies-qatar,200,2263,true,true,false,false,Pharmaceutical Companies in Qatar | Industry Guid | BioNixus,Pharmaceutical Companies in Qatar
/insights/best-obesity-weight-management-market-research-firms-2026,https://www.bionixus.com/insights/best-obesity-weight-management-market-research-firms-2026,200,2361,true,true,false,false,Best Obesity & Weight Management Market Research | BioNixus,Best Obesity &amp; Weight Management Market Research Firms (2026)
/diabetes-market-research-uae,https://www.bionixus.com/diabetes-market-research-uae,200,2362,true,true,false,false,Diabetes Market Research UAE | BioNixus,Diabetes Market Research UAE
/healthcare-market-research/therapy/immunology,https://www.bionixus.com/healthcare-market-research/therapy/immunology,200,2364,true,true,false,false,Immunology Research Guide: Biologics & Patient Pathways |...,Immunology market research guide
/ar,https://www.bionixus.com/ar,200,2399,true,true,false,false,BioNixus | Healthcare & Pharmaceutical Market Research,خدمات BioNixus لأبحاث السوق الصحية والدوائية
/insights/leading-biologics-biosimilars-market-research-companies-2026,https://www.bionixus.com/insights/leading-biologics-biosimilars-market-research-companies-2026,200,2402,true,true,false,false,Leading Biologics and Biosimilars Market Research | BioNixus,Leading Biologics and Biosimilars Market Research Companies (2026)
/pharmaceutical-companies-uae,https://www.bionixus.com/pharmaceutical-companies-uae,200,2461,true,true,false,false,Pharmaceutical Companies in the UAE | Industry Gu | BioNixus,Pharmaceutical Companies in the UAE
/healthcare-market-research/saudi-arabia,https://www.bionixus.com/healthcare-market-research/saudi-arabia,200,2504,true,true,false,false,Pharmaceutical Market Research in Saudi Arabia | BioNixus,Pharmaceutical Market Research in Saudi Arabia
/pharmaceutical-companies-saudi-arabia,https://www.bionixus.com/pharmaceutical-companies-saudi-arabia,200,2563,true,true,false,false,Pharmaceutical Companies in Saudi Arabia | Indust | BioNixus,Pharmaceutical Companies in Saudi Arabia
/global-websites/japan,https://www.bionixus.com/global-websites/japan,200,2600,true,true,false,false,Japan Pharmaceutical Market Research | Global Hea | BioNixus,Japan Healthcare Market Strategy
/global-websites/singapore,https://www.bionixus.com/global-websites/singapore,200,2600,true,true,false,false,Singapore Pharmaceutical Market Research | Global | BioNixus,Singapore Healthcare Market Strategy
/global-websites/china,https://www.bionixus.com/global-websites/china,200,2602,true,true,false,false,China Pharmaceutical Market Research | Global Hea | BioNixus,China Healthcare Market Strategy
/global-websites/canada,https://www.bionixus.com/global-websites/canada,200,2603,true,true,false,false,Canada Pharmaceutical Market Research | Global He | BioNixus,Canada Healthcare Market Strategy
/global-websites/mexico,https://www.bionixus.com/global-websites/mexico,200,2603,true,true,false,false,Mexico Pharmaceutical Market Research | Global He | BioNixus,Mexico Healthcare Market Strategy
/global-websites/denmark,https://www.bionixus.com/global-websites/denmark,200,2611,true,true,false,false,Denmark Pharmaceutical Market Research | Global H | BioNixus,Denmark Healthcare Market Strategy
/global-websites/sweden,https://www.bionixus.com/global-websites/sweden,200,2611,true,true,false,false,Sweden Pharmaceutical Market Research | Global He | BioNixus,Sweden Healthcare Market Strategy
/global-websites/turkey,https://www.bionixus.com/global-websites/turkey,200,2611,true,true,false,false,Turkey Pharmaceutical Market Research | Global He | BioNixus,Turkey Healthcare Market Strategy
/global-websites/switzerland,https://www.bionixus.com/global-websites/switzerland,200,2613,true,true,false,false,Switzerland Pharmaceutical Market Research | Glob | BioNixus,Switzerland Healthcare Market Strategy
/global-websites/kenya,https://www.bionixus.com/global-websites/kenya,200,2619,true,true,false,false,Kenya Pharmaceutical Market Research | Global Hea | BioNixus,Kenya Healthcare Market Strategy
/global-websites/nigeria,https://www.bionixus.com/global-websites/nigeria,200,2619,true,true,false,false,Nigeria Pharmaceutical Market Research | Global H | BioNixus,Nigeria Healthcare Market Strategy
/global-websites/algeria,https://www.bionixus.com/global-websites/algeria,200,2621,true,true,false,false,Algeria Pharmaceutical Market Research | Global H | BioNixus,Algeria Healthcare Market Strategy
/global-websites/iraq,https://www.bionixus.com/global-websites/iraq,200,2621,true,true,false,false,Iraq Pharmaceutical Market Research | Global Heal | BioNixus,Iraq Healthcare Market Strategy
/global-websites/jordan,https://www.bionixus.com/global-websites/jordan,200,2621,true,true,false,false,Jordan Pharmaceutical Market Research | Global He | BioNixus,Jordan Healthcare Market Strategy
/global-websites/lebanon,https://www.bionixus.com/global-websites/lebanon,200,2621,true,true,false,false,Lebanon Pharmaceutical Market Research | Global H | BioNixus,Lebanon Healthcare Market Strategy
/global-websites/libya,https://www.bionixus.com/global-websites/libya,200,2621,true,true,false,false,Libya Pharmaceutical Market Research | Global Hea | BioNixus,Libya Healthcare Market Strategy
/global-websites/morocco,https://www.bionixus.com/global-websites/morocco,200,2621,true,true,false,false,Morocco Pharmaceutical Market Research | Global H | BioNixus,Morocco Healthcare Market Strategy
/global-websites/tunisia,https://www.bionixus.com/global-websites/tunisia,200,2621,true,true,false,false,Tunisia Pharmaceutical Market Research | Global H | BioNixus,Tunisia Healthcare Market Strategy
/specialist-physician-panel-uae,https://www.bionixus.com/specialist-physician-panel-uae,200,2628,true,true,false,false,Specialist Physician Panel UAE | BioNixus,Specialist Physician Panel UAE
/global-websites/south-africa,https://www.bionixus.com/global-websites/south-africa,200,2664,true,true,false,false,South Africa Pharmaceutical Market Research | Glo | BioNixus,South Africa Healthcare Market Strategy
/brand-tracking-pharma-gcc,https://www.bionixus.com/brand-tracking-pharma-gcc,200,2855,true,true,false,false,Brand Tracking Pharma GCC | BioNixus,Brand Tracking Pharma GCC
/commercial-effectiveness-pharma-middle-east,https://www.bionixus.com/commercial-effectiveness-pharma-middle-east,200,2916,true,true,false,false,Commercial Effectiveness Pharma Middle East | BioNixus,Commercial Effectiveness Pharma Middle East
/ar/blog/saudi-healthcare-market-research-firms-ar,https://www.bionixus.com/ar/blog/saudi-healthcare-market-research-firms-ar,200,3066,true,true,false,false,شركات أبحاث السوق الصحي السعودية 2026 | BioNixus,أبرز شركات أبحاث السوق الصحي في المملكة العربية السعودية: المشهد، معايير اختيار الشريك، وشركات يُعتد بها
/gcc-pharma-market-report-2026,https://www.bionixus.com/gcc-pharma-market-report-2026,200,3135,true,true,false,false,"GCC Pharma Market Report 2026 | Biologics, Generic Inject...","GCC Pharmaceutical Market Report 2026: Sales, Consumption, and Strategic Intelligence"
/pharmaceutical-companies-kuwait,https://www.bionixus.com/pharmaceutical-companies-kuwait,200,3192,true,true,false,false,Pharmaceutical Companies in Kuwait | Top Medical | BioNixus,Pharmaceutical companies in Kuwait
/quantitative-healthcare-market-research,https://www.bionixus.com/quantitative-healthcare-market-research,200,3204,true,true,false,false,Quantitative Healthcare Market Research Guide 202 | BioNixus,Quantitative Healthcare Market Research Methodology Guide 2026
/ar/blog/quantitative-market-research-and-market-access,https://www.bionixus.com/ar/blog/quantitative-market-research-and-market-access,200,3369,true,true,false,false,أبحاث السوق الكمية وأثر الوصول إلى السوق | BioNixus,Quantitative Market Research and Market Access Impact
/healthcare-fieldwork-gcc,https://www.bionixus.com/healthcare-fieldwork-gcc,200,3409,true,true,false,false,Healthcare Fieldwork GCC | Specialist HCP Researc | BioNixus,Healthcare Fieldwork GCC
/uae-pricing-reimbursement-strategy,https://www.bionixus.com/uae-pricing-reimbursement-strategy,200,3441,true,true,false,false,UAE Pricing and Reimbursement Strategy | BioNixus,UAE Pricing and Reimbursement Strategy
/respiratory-market-access-gcc,https://www.bionixus.com/respiratory-market-access-gcc,200,3502,true,true,false,false,Respiratory Market Access GCC | BioNixus,Respiratory Market Access GCC
/patient-journey-research-gcc,https://www.bionixus.com/patient-journey-research-gcc,200,3517,true,true,false,false,Patient Journey Research GCC | Pathway Mapping | BioNixus,Patient Journey Research GCC
/healthcare-market-research,https://www.bionixus.com/healthcare-market-research,200,3651,true,true,false,false,Healthcare Market Research Companies | Global Pharma Insi...,"Healthcare market research companies — global pharmaceutical insights across the USA, Europe, MENA and Asia"
/patient-adherence-research-middle-east,https://www.bionixus.com/patient-adherence-research-middle-east,200,3946,true,true,false,false,Patient Adherence Research Middle East | MPR & Pe | BioNixus,Patient Adherence Research Middle East
/msl-insight-research-middle-east,https://www.bionixus.com/msl-insight-research-middle-east,200,4389,false,true,false,false,MSL Insight Research Middle East | BioNixus,MSL Insight Research Middle East